"Adduct","charge","cluster index","componentindex","Compound_Name","Compound_Source","Data_Collector","DefaultGroups","G1","G2","G3","G4","G5","G6","GNPSLibraryURL","GNPSLinkout_Cluster","GNPSLinkout_Network","INCHI","Instrument","Ion_Source","IonMode","Library_Class","MassDiff","MQScore","MZErrorPPM","name","number of spectra","parent mass","PI","precursor mass","RTConsensus","RTMean","selected","shared name","SharedPeaks","Smiles","SpectrumID","sum(precursor intensity)","tags","UniqueFileSources"
,"0","293","-1",,,,"G1","4.0","0.0","0.0","0.0","0.0","0.0",,"https://gnps.ucsd.edu//ProteoSAFe/result.jsp?task=f31888117af74214bc9c3be94f4bd405&view=cluster_details&protein=293&show=true","https://gnps.ucsd.edu/ProteoSAFe/result.jsp?view=network_displayer&componentindex=-1&task=f31888117af74214bc9c3be94f4bd405&show=true",,,,,,,,,"293","4","568.347",,"568.347","0.0","340.05775","false","293",,,,"15510.9",,"GD_028_posnegp2_RPP_RRHD_B1.mzML"
,"0","350","11",,,,"G2","0.0","6.0","0.0","0.0","0.0","0.0",,"https://gnps.ucsd.edu//ProteoSAFe/result.jsp?task=f31888117af74214bc9c3be94f4bd405&view=cluster_details&protein=350&show=true","https://gnps.ucsd.edu/ProteoSAFe/result.jsp?view=network_displayer&componentindex=11&task=f31888117af74214bc9c3be94f4bd405&show=true",,,,,,,,,"350","6","605.548",,"605.548","0.0","553.3003333333334","false","350",,,,"133757.0",,"GD_031_posnegn1_RPN_RRHD_B1.mzML"
,"0","268","10",,,,"G1","14.0","0.0","0.0","0.0","0.0","0.0",,"https://gnps.ucsd.edu//ProteoSAFe/result.jsp?task=f31888117af74214bc9c3be94f4bd405&view=cluster_details&protein=268&show=true","https://gnps.ucsd.edu/ProteoSAFe/result.jsp?view=network_displayer&componentindex=10&task=f31888117af74214bc9c3be94f4bd405&show=true",,,,,,,,,"268","14","561.763",,"561.763","0.0","581.0432142857143","false","268",,,,"1381000.0",,"GD_028_posnegp2_RPP_RRHD_B1.mzML"
,"0","608","-1",,,,"G2","0.0","4.0","0.0","0.0","0.0","0.0",,"https://gnps.ucsd.edu//ProteoSAFe/result.jsp?task=f31888117af74214bc9c3be94f4bd405&view=cluster_details&protein=608&show=true","https://gnps.ucsd.edu/ProteoSAFe/result.jsp?view=network_displayer&componentindex=-1&task=f31888117af74214bc9c3be94f4bd405&show=true",,,,,,,,,"608","4","912.566",,"912.566","0.0","744.621","false","608",,,,"36658.8",,"GD_032_posnegn2_RPN_RRHD_B1.mzML"
,"0","282","10",,,,"G1","8.0","0.0","0.0","0.0","0.0","0.0",,"https://gnps.ucsd.edu//ProteoSAFe/result.jsp?task=f31888117af74214bc9c3be94f4bd405&view=cluster_details&protein=282&show=true","https://gnps.ucsd.edu/ProteoSAFe/result.jsp?view=network_displayer&componentindex=10&task=f31888117af74214bc9c3be94f4bd405&show=true",,,,,,,,,"282","8","564.432",,"564.432","0.0","597.004125","false","282",,,,"470303.0",,"GD_027_posnegp1_RPP_RRHD_B1.mzML"
,"0","126","-1",,,,"G1","7.0","0.0","0.0","0.0","0.0","0.0",,"https://gnps.ucsd.edu//ProteoSAFe/result.jsp?task=f31888117af74214bc9c3be94f4bd405&view=cluster_details&protein=126&show=true","https://gnps.ucsd.edu/ProteoSAFe/result.jsp?view=network_displayer&componentindex=-1&task=f31888117af74214bc9c3be94f4bd405&show=true",,,,,,,,,"126","7","469.329",,"469.329","0.0","597.6322857142857","false","126",,,,"203633.0",,"GD_027_posnegp1_RPP_RRHD_B1.mzML"
,"0","101","4",,,,"G1","5.0","0.0","0.0","0.0","0.0","0.0",,"https://gnps.ucsd.edu//ProteoSAFe/result.jsp?task=f31888117af74214bc9c3be94f4bd405&view=cluster_details&protein=101&show=true","https://gnps.ucsd.edu/ProteoSAFe/result.jsp?view=network_displayer&componentindex=4&task=f31888117af74214bc9c3be94f4bd405&show=true",,,,,,,,,"101","5","452.328",,"452.328","0.0","373.23380000000003","false","101",,,,"38437.3",,"GD_027_posnegp1_RPP_RRHD_B1.mzML"
"M-H","0","488","2","PE(P-18:0/20:4); [M-H]- C43H77N1O7P1","Commercial","Thomas Metz","G2","0.0","4.0","0.0","0.0","0.0","0.0","http://gnps.ucsd.edu/ProteoSAFe/gnpslibraryspectrum.jsp?SpectrumID=CCMSLIB00003096113","https://gnps.ucsd.edu//ProteoSAFe/result.jsp?task=f31888117af74214bc9c3be94f4bd405&view=cluster_details&protein=488&show=true","https://gnps.ucsd.edu/ProteoSAFe/result.jsp?view=network_displayer&componentindex=2&task=f31888117af74214bc9c3be94f4bd405&show=true","nan","HCD; Velos","LC-ESI","Negative","1","0.00500488","0.823544","6.6594","488","4","751.547","Thomas Metz","751.547","0.0","738.6535","false","488","8","nan","CCMSLIB00003096113","75055.2","nan","GD_032_posnegn2_RPN_RRHD_B1.mzML"
,"0","499","7",,,,"G1","5.0","0.0","0.0","0.0","0.0","0.0",,"https://gnps.ucsd.edu//ProteoSAFe/result.jsp?task=f31888117af74214bc9c3be94f4bd405&view=cluster_details&protein=499&show=true","https://gnps.ucsd.edu/ProteoSAFe/result.jsp?view=network_displayer&componentindex=7&task=f31888117af74214bc9c3be94f4bd405&show=true",,,,,,,,,"499","5","753.562",,"753.562","0.0","737.4498","false","499",,,,"69045.5",,"GD_028_posnegp2_RPP_RRHD_B1.mzML"
,"0","247","-1",,,,"G1","10.0","0.0","0.0","0.0","0.0","0.0",,"https://gnps.ucsd.edu//ProteoSAFe/result.jsp?task=f31888117af74214bc9c3be94f4bd405&view=cluster_details&protein=247&show=true","https://gnps.ucsd.edu/ProteoSAFe/result.jsp?view=network_displayer&componentindex=-1&task=f31888117af74214bc9c3be94f4bd405&show=true",,,,,,,,,"247","10","545.361",,"545.361","0.0","565.5106","false","247",,,,"229721.0",,"GD_027_posnegp1_RPP_RRHD_B1.mzML"
"M+H","0","90","4","Spectral Match to Glycodeoxycholic acid from NIST14","Isolated","Data deposited by rsilva","G1","8.0","0.0","0.0","0.0","0.0","0.0","http://gnps.ucsd.edu/ProteoSAFe/gnpslibraryspectrum.jsp?SpectrumID=CCMSLIB00003136511","https://gnps.ucsd.edu//ProteoSAFe/result.jsp?task=f31888117af74214bc9c3be94f4bd405&view=cluster_details&protein=90&show=true","https://gnps.ucsd.edu/ProteoSAFe/result.jsp?view=network_displayer&componentindex=4&task=f31888117af74214bc9c3be94f4bd405&show=true","nan","QqQ","ESI","Positive","3","0.0","0.879115","0.0","90","8","450.321","Data from Rob Knight","450.321","0.0","390.039875","false","90","13","nan","CCMSLIB00003136511","275260.0","nan","GD_027_posnegp1_RPP_RRHD_B1.mzML"
,"0","614","-1",,,,"G2","0.0","3.0","0.0","0.0","0.0","0.0",,"https://gnps.ucsd.edu//ProteoSAFe/result.jsp?task=f31888117af74214bc9c3be94f4bd405&view=cluster_details&protein=614&show=true","https://gnps.ucsd.edu/ProteoSAFe/result.jsp?view=network_displayer&componentindex=-1&task=f31888117af74214bc9c3be94f4bd405&show=true",,,,,,,,,"614","3","946.575",,"946.575","0.0","729.0463333333333","false","614",,,,"15772.2",,"GD_032_posnegn2_RPN_RRHD_B1.mzML"
,"0","590","-1",,,,"G1","3.0","0.0","0.0","0.0","0.0","0.0",,"https://gnps.ucsd.edu//ProteoSAFe/result.jsp?task=f31888117af74214bc9c3be94f4bd405&view=cluster_details&protein=590&show=true","https://gnps.ucsd.edu/ProteoSAFe/result.jsp?view=network_displayer&componentindex=-1&task=f31888117af74214bc9c3be94f4bd405&show=true",,,,,,,,,"590","3","876.682",,"876.682","0.0","767.3356666666667","false","590",,,,"20252.5",,"GD_028_posnegp2_RPP_RRHD_B1.mzML"
"M-H","0","458","2","Spectral Match to 1-Hexadecanoyl-2-(5Z,8Z,11Z,14Z-eicosatetraenoyl)-sn-glycero-3-phosphoethanolamine from NIST14","Isolated","Data deposited by alchemistmatt","G2","0.0","5.0","0.0","0.0","0.0","0.0","http://gnps.ucsd.edu/ProteoSAFe/gnpslibraryspectrum.jsp?SpectrumID=CCMSLIB00003135565","https://gnps.ucsd.edu//ProteoSAFe/result.jsp?task=f31888117af74214bc9c3be94f4bd405&view=cluster_details&protein=458&show=true","https://gnps.ucsd.edu/ProteoSAFe/result.jsp?view=network_displayer&componentindex=2&task=f31888117af74214bc9c3be94f4bd405&show=true","InChI=1S/C41H74NO8P/c1-3-5-7-9-11-13-15-17-18-19-20-22-24-26-28-30-32-34-41(44)50-39(38-49-51(45,46)48-36-35-42)37-47-40(43)33-31-29-27-25-23-21-16-14-12-10-8-6-4-2/h11,13,17-18,20,22,26,28,39H,3-10,12,14-16,19,21,23-25,27,29-38,42H2,1-2H3,(H,45,46)/b13-11-,18-17-,22-20-,28-26-/t39-/m1/s1","qTof","ESI","Negative","3","0.309021","0.9321809999999999","418.44","458","5","738.817","Data from Yoshihiro Kawaoka, Katrina Waters, Richard Smith and Thomas Metz","738.817","0.0","703.7292","false","458","13","CCCCCCCCCCCCCCCC(=O)OC[C@H](COP(=O)(O)OCCN)OC(=O)CCC/C=C\\C/C=C\\C/C=C\\C/C=C\\CCCCC","CCMSLIB00003135565","95827.6","nan","GD_032_posnegn2_RPN_RRHD_B1.mzML"
,"0","73","-1",,,,"G2","0.0","2.0","0.0","0.0","0.0","0.0",,"https://gnps.ucsd.edu//ProteoSAFe/result.jsp?task=f31888117af74214bc9c3be94f4bd405&view=cluster_details&protein=73&show=true","https://gnps.ucsd.edu/ProteoSAFe/result.jsp?view=network_displayer&componentindex=-1&task=f31888117af74214bc9c3be94f4bd405&show=true",,,,,,,,,"73","2","448.306",,"448.306","0.0","390.43899999999996","false","73",,,,"61851.4",,"GD_031_posnegn1_RPN_RRHD_B1.mzML"
,"0","456","-1",,,,"G1","7.0","0.0","0.0","0.0","0.0","0.0",,"https://gnps.ucsd.edu//ProteoSAFe/result.jsp?task=f31888117af74214bc9c3be94f4bd405&view=cluster_details&protein=456&show=true","https://gnps.ucsd.edu/ProteoSAFe/result.jsp?view=network_displayer&componentindex=-1&task=f31888117af74214bc9c3be94f4bd405&show=true",,,,,,,,,"456","7","731.579",,"731.579","0.0","752.299","false","456",,,,"44741.9",,"GD_028_posnegp2_RPP_RRHD_B1.mzML"
,"0","6","6",,,,"G2","0.0","5.0","0.0","0.0","0.0","0.0",,"https://gnps.ucsd.edu//ProteoSAFe/result.jsp?task=f31888117af74214bc9c3be94f4bd405&view=cluster_details&protein=6&show=true","https://gnps.ucsd.edu/ProteoSAFe/result.jsp?view=network_displayer&componentindex=6&task=f31888117af74214bc9c3be94f4bd405&show=true",,,,,,,,,"6","5","321.217",,"321.217","0.0","515.5728","false","6",,,,"454362.0",,"GD_031_posnegn1_RPN_RRHD_B1.mzML"
,"0","65","-1",,,,"G1","3.0","0.0","0.0","0.0","0.0","0.0",,"https://gnps.ucsd.edu//ProteoSAFe/result.jsp?task=f31888117af74214bc9c3be94f4bd405&view=cluster_details&protein=65&show=true","https://gnps.ucsd.edu/ProteoSAFe/result.jsp?view=network_displayer&componentindex=-1&task=f31888117af74214bc9c3be94f4bd405&show=true",,,,,,,,,"65","3","447.311",,"447.311","0.0","381.7916666666667","false","65",,,,"13737.4",,"GD_027_posnegp1_RPP_RRHD_B1.mzML"
,"0","46","-1",,,,"G1","7.0","0.0","0.0","0.0","0.0","0.0",,"https://gnps.ucsd.edu//ProteoSAFe/result.jsp?task=f31888117af74214bc9c3be94f4bd405&view=cluster_details&protein=46&show=true","https://gnps.ucsd.edu/ProteoSAFe/result.jsp?view=network_displayer&componentindex=-1&task=f31888117af74214bc9c3be94f4bd405&show=true",,,,,,,,,"46","7","431.315",,"431.315","0.0","440.607","false","46",,,,"183438.0",,"GD_027_posnegp1_RPP_RRHD_B1.mzML"
,"0","602","-1",,,,"G1","2.0","0.0","0.0","0.0","0.0","0.0",,"https://gnps.ucsd.edu//ProteoSAFe/result.jsp?task=f31888117af74214bc9c3be94f4bd405&view=cluster_details&protein=602&show=true","https://gnps.ucsd.edu/ProteoSAFe/result.jsp?view=network_displayer&componentindex=-1&task=f31888117af74214bc9c3be94f4bd405&show=true",,,,,,,,,"602","2","894.546",,"894.546","0.0","688.0965","false","602",,,,"4656.95",,"GD_028_posnegp2_RPP_RRHD_B1.mzML"
,"0","577","-1",,,,"G1","4.0","0.0","0.0","0.0","0.0","0.0",,"https://gnps.ucsd.edu//ProteoSAFe/result.jsp?task=f31888117af74214bc9c3be94f4bd405&view=cluster_details&protein=577&show=true","https://gnps.ucsd.edu/ProteoSAFe/result.jsp?view=network_displayer&componentindex=-1&task=f31888117af74214bc9c3be94f4bd405&show=true",,,,,,,,,"577","4","863.565",,"863.565","0.0","731.01475","false","577",,,,"37892.0",,"GD_027_posnegp1_RPP_RRHD_B1.mzML"
"M+H","0","544","7","PE(P-18:0/22:5); [M+H]+ C45H81N1O7P1","Commercial","Thomas Metz","G1","4.0","0.0","0.0","0.0","0.0","0.0","http://gnps.ucsd.edu/ProteoSAFe/gnpslibraryspectrum.jsp?SpectrumID=CCMSLIB00003096858","https://gnps.ucsd.edu//ProteoSAFe/result.jsp?task=f31888117af74214bc9c3be94f4bd405&view=cluster_details&protein=544&show=true","https://gnps.ucsd.edu/ProteoSAFe/result.jsp?view=network_displayer&componentindex=7&task=f31888117af74214bc9c3be94f4bd405&show=true","nan","CID; Velos","LC-ESI","Positive","1","1.0059799999999999","0.722903","1293.76","544","4","778.573","Thomas Metz","778.573","0.0","741.445","false","544","17","nan","CCMSLIB00003096858","31792.6","nan","GD_028_posnegp2_RPP_RRHD_B1.mzML"
"M+H","0","558","5","PC(18:0/20:4); [M+H]+ C46H85N1O8P1","Commercial","Thomas Metz","G1","4.0","0.0","0.0","0.0","0.0","0.0","http://gnps.ucsd.edu/ProteoSAFe/gnpslibraryspectrum.jsp?SpectrumID=CCMSLIB00003125511","https://gnps.ucsd.edu//ProteoSAFe/result.jsp?task=f31888117af74214bc9c3be94f4bd405&view=cluster_details&protein=558&show=true","https://gnps.ucsd.edu/ProteoSAFe/result.jsp?view=network_displayer&componentindex=5&task=f31888117af74214bc9c3be94f4bd405&show=true","nan","HCD; Velos","LC-ESI","Positive","1","1.0089700000000001","0.9501299999999999","1246.27","558","4","810.602","Thomas Metz","810.602","0.0","723.7987499999999","false","558","20","nan","CCMSLIB00003125511","1194470.0","nan","GD_028_posnegp2_RPP_RRHD_B1.mzML"
"M-H","0","480","2","Massbank:UT002161 Phosphatidylethanolamine alkenyl 18:0-20:4","Isolated","Massbank","G2","0.0","8.0","0.0","0.0","0.0","0.0","http://gnps.ucsd.edu/ProteoSAFe/gnpslibraryspectrum.jsp?SpectrumID=CCMSLIB00005751624","https://gnps.ucsd.edu//ProteoSAFe/result.jsp?task=f31888117af74214bc9c3be94f4bd405&view=cluster_details&protein=480&show=true","https://gnps.ucsd.edu/ProteoSAFe/result.jsp?view=network_displayer&componentindex=2&task=f31888117af74214bc9c3be94f4bd405&show=true","1S/C43H78NO7P/c1-3-5-7-9-11-13-15-17-19-21-22-24-26-28-30-32-34-36-43(45)51-42(41-50-52(46,47)49-39-37-44)40-48-38-35-33-31-29-27-25-23-20-18-16-14-12-10-8-6-4-2/h13,15,19,21,24,26,30,32,35,38,42H,3-12,14,16-18,20,22-23,25,27-29,31,33-34,36-37,39-41,44H2,1-2H3,(H,46,47)/b15-13-,21-19-,26-24-,32-30-,38-35+","Hybrid FT","ESI","Negative","3","1.6599700000000002","0.797294","2211.71","480","8","748.88","Massbank","748.88","0.0","722.12","false","480","7","NCCOP(O)(=O)OCC(COC=CCCCCCCCCCCCCCCCC)OC(=O)CCC=CCC=CCC=CCC=CCCCCCC","CCMSLIB00005751624","155881.0","nan","GD_032_posnegn2_RPN_RRHD_B1.mzML|GD_031_posnegn1_RPN_RRHD_B1.mzML"
"M-H","0","77","2","PE(16:1/0:0); [M-H]- C21H41N1O7P1","Commercial","Thomas Metz","G2","0.0","4.0","0.0","0.0","0.0","0.0","http://gnps.ucsd.edu/ProteoSAFe/gnpslibraryspectrum.jsp?SpectrumID=CCMSLIB00003087988","https://gnps.ucsd.edu//ProteoSAFe/result.jsp?task=f31888117af74214bc9c3be94f4bd405&view=cluster_details&protein=77&show=true","https://gnps.ucsd.edu/ProteoSAFe/result.jsp?view=network_displayer&componentindex=2&task=f31888117af74214bc9c3be94f4bd405&show=true","nan","HCD; Lumos","LC-ESI","Negative","1","1.01099","0.829167","2240.31","77","4","450.259","Thomas Metz","450.259","0.0","462.1615","false","77","7","nan","CCMSLIB00003087988","89250.6","nan","GD_032_posnegn2_RPN_RRHD_B1.mzML"
"M+H","0","413","7","PE(P-16:0/18:1); [M+H]+ C39H77N1O7P1","Commercial","Thomas Metz","G1","4.0","0.0","0.0","0.0","0.0","0.0","http://gnps.ucsd.edu/ProteoSAFe/gnpslibraryspectrum.jsp?SpectrumID=CCMSLIB00003130251","https://gnps.ucsd.edu//ProteoSAFe/result.jsp?task=f31888117af74214bc9c3be94f4bd405&view=cluster_details&protein=413&show=true","https://gnps.ucsd.edu/ProteoSAFe/result.jsp?view=network_displayer&componentindex=7&task=f31888117af74214bc9c3be94f4bd405&show=true","nan","HCD; Velos","LC-ESI","Positive","1","1.00702","0.7588560000000001","1435.45","413","4","702.543","Thomas Metz","702.543","0.0","731.50575","false","413","10","nan","CCMSLIB00003130251","21730.2","nan","GD_028_posnegp2_RPP_RRHD_B1.mzML"
,"0","172","1",,,,"G1","21.0","0.0","0.0","0.0","0.0","0.0",,"https://gnps.ucsd.edu//ProteoSAFe/result.jsp?task=f31888117af74214bc9c3be94f4bd405&view=cluster_details&protein=172&show=true","https://gnps.ucsd.edu/ProteoSAFe/result.jsp?view=network_displayer&componentindex=1&task=f31888117af74214bc9c3be94f4bd405&show=true",,,,,,,,,"172","21","480.633",,"480.633","0.0","503.17552380952384","false","172",,,,"2586980.0",,"GD_027_posnegp1_RPP_RRHD_B1.mzML|GD_028_posnegp2_RPP_RRHD_B1.mzML"
,"0","11","-1",,,,"G1","2.0","0.0","0.0","0.0","0.0","0.0",,"https://gnps.ucsd.edu//ProteoSAFe/result.jsp?task=f31888117af74214bc9c3be94f4bd405&view=cluster_details&protein=11&show=true","https://gnps.ucsd.edu/ProteoSAFe/result.jsp?view=network_displayer&componentindex=-1&task=f31888117af74214bc9c3be94f4bd405&show=true",,,,,,,,,"11","2","324.238",,"324.238","0.0","519.03","false","11",,,,"20125.9",,"GD_028_posnegp2_RPP_RRHD_B1.mzML"
,"0","552","-1",,,,"G1","2.0","0.0","0.0","0.0","0.0","0.0",,"https://gnps.ucsd.edu//ProteoSAFe/result.jsp?task=f31888117af74214bc9c3be94f4bd405&view=cluster_details&protein=552&show=true","https://gnps.ucsd.edu/ProteoSAFe/result.jsp?view=network_displayer&componentindex=-1&task=f31888117af74214bc9c3be94f4bd405&show=true",,,,,,,,,"552","2","793.545",,"793.545","0.0","674.1445","false","552",,,,"21087.9",,"GD_027_posnegp1_RPP_RRHD_B1.mzML"
,"0","314","-1",,,,"G2","0.0","4.0","0.0","0.0","0.0","0.0",,"https://gnps.ucsd.edu//ProteoSAFe/result.jsp?task=f31888117af74214bc9c3be94f4bd405&view=cluster_details&protein=314&show=true","https://gnps.ucsd.edu/ProteoSAFe/result.jsp?view=network_displayer&componentindex=-1&task=f31888117af74214bc9c3be94f4bd405&show=true",,,,,,,,,"314","4","581.24",,"581.24","0.0","547.3735","false","314",,,,"80328.9",,"GD_031_posnegn1_RPN_RRHD_B1.mzML"
"[M-H]-","0","471","2","MoNA:68305 Phosphatidylethanolamine alkenyl 16:0-22:5","isolated","MoNA","G2","0.0","4.0","0.0","0.0","0.0","0.0","http://gnps.ucsd.edu/ProteoSAFe/gnpslibraryspectrum.jsp?SpectrumID=CCMSLIB00000562986","https://gnps.ucsd.edu//ProteoSAFe/result.jsp?task=f31888117af74214bc9c3be94f4bd405&view=cluster_details&protein=471&show=true","https://gnps.ucsd.edu/ProteoSAFe/result.jsp?view=network_displayer&componentindex=2&task=f31888117af74214bc9c3be94f4bd405&show=true","InChI=1S/C43H76NO7P/c1-3-5-7-9-11-13-15-17-19-20-21-22-23-24-26-28-30-32-34-36-43(45)51-42(41-50-52(46,47)49-39-37-44)40-48-38-35-33-31-29-27-25-18-16-14-12-10-8-6-4-2/h11,13,17,19,21-22,24,26,30,32,35,38,42H,3-10,12,14-16,18,20,23,25,27-29,31,33-34,36-37,39-41,44H2,1-2H3,(H,46,47)/b13-11-,19-17-,22-21-,26-24-,32-30-,38-35+","LC-ESI-ITFT","LC-ESI-ITFT","nan","3","1.8030400000000002","0.814358","2408.77","471","4","746.727","MoNA","746.727","0.0","715.2525","false","471","9","nan","CCMSLIB00000562986","50076.1","nan","GD_032_posnegn2_RPN_RRHD_B1.mzML|GD_031_posnegn1_RPN_RRHD_B1.mzML"
"[M+H]","0","538","-1","L-THYROXINE","Commercial","Garg_Neha","G1","4.0","0.0","0.0","0.0","0.0","0.0","http://gnps.ucsd.edu/ProteoSAFe/gnpslibraryspectrum.jsp?SpectrumID=CCMSLIB00000077006","https://gnps.ucsd.edu//ProteoSAFe/result.jsp?task=f31888117af74214bc9c3be94f4bd405&view=cluster_details&protein=538&show=true","https://gnps.ucsd.edu/ProteoSAFe/result.jsp?view=network_displayer&componentindex=-1&task=f31888117af74214bc9c3be94f4bd405&show=true","N[C@@H](Cc1cc(I)c(Oc2cc(I)c(O)c(I)c2)c(I)c1)C(=O)O","qTof","LC-ESI","Positive","1","0.00500488","0.771101","6.43551","538","4","777.693","Dorrestein","777.693","0.0","316.42650000000003","false","538","11","nan","CCMSLIB00000077006","45051.4","nan","GD_027_posnegp1_RPP_RRHD_B1.mzML"
,"0","351","11",,,,"G1","6.0","0.0","0.0","0.0","0.0","0.0",,"https://gnps.ucsd.edu//ProteoSAFe/result.jsp?task=f31888117af74214bc9c3be94f4bd405&view=cluster_details&protein=351&show=true","https://gnps.ucsd.edu/ProteoSAFe/result.jsp?view=network_displayer&componentindex=11&task=f31888117af74214bc9c3be94f4bd405&show=true",,,,,,,,,"351","6","607.554",,"607.554","0.0","553.2751666666667","false","351",,,,"295976.0",,"GD_027_posnegp1_RPP_RRHD_B1.mzML"
,"0","238","-1",,,,"G1","5.0","0.0","0.0","0.0","0.0","0.0",,"https://gnps.ucsd.edu//ProteoSAFe/result.jsp?task=f31888117af74214bc9c3be94f4bd405&view=cluster_details&protein=238&show=true","https://gnps.ucsd.edu/ProteoSAFe/result.jsp?view=network_displayer&componentindex=-1&task=f31888117af74214bc9c3be94f4bd405&show=true",,,,,,,,,"238","5","531.22",,"531.22","0.0","412.38079999999997","false","238",,,,"79328.1",,"GD_027_posnegp1_RPP_RRHD_B1.mzML"
,"0","116","-1",,,,"G2","0.0","4.0","0.0","0.0","0.0","0.0",,"https://gnps.ucsd.edu//ProteoSAFe/result.jsp?task=f31888117af74214bc9c3be94f4bd405&view=cluster_details&protein=116&show=true","https://gnps.ucsd.edu/ProteoSAFe/result.jsp?view=network_displayer&componentindex=-1&task=f31888117af74214bc9c3be94f4bd405&show=true",,,,,,,,,"116","4","462.177",,"462.177","0.0","257.749","false","116",,,,"57025.9",,"GD_032_posnegn2_RPN_RRHD_B1.mzML"
,"0","589","-1",,,,"G1","5.0","0.0","0.0","0.0","0.0","0.0",,"https://gnps.ucsd.edu//ProteoSAFe/result.jsp?task=f31888117af74214bc9c3be94f4bd405&view=cluster_details&protein=589&show=true","https://gnps.ucsd.edu/ProteoSAFe/result.jsp?view=network_displayer&componentindex=-1&task=f31888117af74214bc9c3be94f4bd405&show=true",,,,,,,,,"589","5","876.682",,"876.682","0.0","766.115","false","589",,,,"33751.0",,"GD_028_posnegp2_RPP_RRHD_B1.mzML"
"M-H","0","97","2","Spectral Match to 1-Palmitoyl-2-hydroxy-sn-glycero-3-phosphoethanolamine from NIST14","Isolated","Data deposited by fevargas","G2","0.0","3.0","0.0","0.0","0.0","0.0","http://gnps.ucsd.edu/ProteoSAFe/gnpslibraryspectrum.jsp?SpectrumID=CCMSLIB00003137341","https://gnps.ucsd.edu//ProteoSAFe/result.jsp?task=f31888117af74214bc9c3be94f4bd405&view=cluster_details&protein=97&show=true","https://gnps.ucsd.edu/ProteoSAFe/result.jsp?view=network_displayer&componentindex=2&task=f31888117af74214bc9c3be94f4bd405&show=true","InChI=1S/C21H44NO7P/c1-2-3-4-5-6-7-8-9-10-11-12-13-14-15-21(24)27-18-20(23)19-29-30(25,26)28-17-16-22/h20,23H,2-19,22H2,1H3,(H,25,26)/t20-/m1/s1","qTof","ESI","Negative","3","0.179016","0.950881","395.809","97","3","452.458","Data from Kevin Bush","452.458","0.0","494.1463333333333","false","97","9","CCCCCCCCCCCCCCCC(=O)OC[C@H](COP(=O)(O)OCCN)O","CCMSLIB00003137341","366276.0","nan","GD_032_posnegn2_RPN_RRHD_B1.mzML"
,"0","609","-1",,,,"G1","2.0","0.0","0.0","0.0","0.0","0.0",,"https://gnps.ucsd.edu//ProteoSAFe/result.jsp?task=f31888117af74214bc9c3be94f4bd405&view=cluster_details&protein=609&show=true","https://gnps.ucsd.edu/ProteoSAFe/result.jsp?view=network_displayer&componentindex=-1&task=f31888117af74214bc9c3be94f4bd405&show=true",,,,,,,,,"609","2","914.59",,"914.59","0.0","739.522","false","609",,,,"253183.0",,"GD_028_posnegp2_RPP_RRHD_B1.mzML"
"M-H","0","418","2","PE(P-16:0/20:4); [M-H]- C41H73N1O7P1","Commercial","Thomas Metz","G2","0.0","7.0","0.0","0.0","0.0","0.0","http://gnps.ucsd.edu/ProteoSAFe/gnpslibraryspectrum.jsp?SpectrumID=CCMSLIB00003119147","https://gnps.ucsd.edu//ProteoSAFe/result.jsp?task=f31888117af74214bc9c3be94f4bd405&view=cluster_details&protein=418&show=true","https://gnps.ucsd.edu/ProteoSAFe/result.jsp?view=network_displayer&componentindex=2&task=f31888117af74214bc9c3be94f4bd405&show=true","nan","HCD; Velos","LC-ESI","Negative","1","0.676025","0.929292","934.3560000000001","418","7","722.844","Thomas Metz","722.844","0.0","716.5124285714286","false","418","10","nan","CCMSLIB00003119147","187741.0","nan","GD_032_posnegn2_RPN_RRHD_B1.mzML|GD_031_posnegn1_RPN_RRHD_B1.mzML"
,"0","226","2",,,,"G2","0.0","6.0","0.0","0.0","0.0","0.0",,"https://gnps.ucsd.edu//ProteoSAFe/result.jsp?task=f31888117af74214bc9c3be94f4bd405&view=cluster_details&protein=226&show=true","https://gnps.ucsd.edu/ProteoSAFe/result.jsp?view=network_displayer&componentindex=2&task=f31888117af74214bc9c3be94f4bd405&show=true",,,,,,,,,"226","6","525.974",,"525.974","0.0","489.73516666666666","false","226",,,,"119014.0",,"GD_032_posnegn2_RPN_RRHD_B1.mzML"
,"0","256","-1",,,,"G2","0.0","3.0","0.0","0.0","0.0","0.0",,"https://gnps.ucsd.edu//ProteoSAFe/result.jsp?task=f31888117af74214bc9c3be94f4bd405&view=cluster_details&protein=256&show=true","https://gnps.ucsd.edu/ProteoSAFe/result.jsp?view=network_displayer&componentindex=-1&task=f31888117af74214bc9c3be94f4bd405&show=true",,,,,,,,,"256","3","560.4",,"560.4","0.0","580.002","false","256",,,,"40513.7",,"GD_032_posnegn2_RPN_RRHD_B1.mzML"
,"0","446","-1",,,,"G1","3.0","0.0","0.0","0.0","0.0","0.0",,"https://gnps.ucsd.edu//ProteoSAFe/result.jsp?task=f31888117af74214bc9c3be94f4bd405&view=cluster_details&protein=446&show=true","https://gnps.ucsd.edu/ProteoSAFe/result.jsp?view=network_displayer&componentindex=-1&task=f31888117af74214bc9c3be94f4bd405&show=true",,,,,,,,,"446","3","729.331",,"729.331","0.0","743.1393333333333","false","446",,,,"25976.2",,"GD_027_posnegp1_RPP_RRHD_B1.mzML|GD_028_posnegp2_RPP_RRHD_B1.mzML"
"M+H","0","402","7","PE(P-16:0/18:2); [M+H]+ C39H75N1O7P1","Commercial","Thomas Metz","G1","3.0","0.0","0.0","0.0","0.0","0.0","http://gnps.ucsd.edu/ProteoSAFe/gnpslibraryspectrum.jsp?SpectrumID=CCMSLIB00003120101","https://gnps.ucsd.edu//ProteoSAFe/result.jsp?task=f31888117af74214bc9c3be94f4bd405&view=cluster_details&protein=402&show=true","https://gnps.ucsd.edu/ProteoSAFe/result.jsp?view=network_displayer&componentindex=7&task=f31888117af74214bc9c3be94f4bd405&show=true","nan","HCD; Velos","LC-ESI","Positive","1","1.00696","0.77336","1439.5","402","3","700.527","Thomas Metz","700.527","0.0","717.153","false","402","11","nan","CCMSLIB00003120101","23207.4","nan","GD_028_posnegp2_RPP_RRHD_B1.mzML"
,"0","52","-1",,,,"G2","0.0","2.0","0.0","0.0","0.0","0.0",,"https://gnps.ucsd.edu//ProteoSAFe/result.jsp?task=f31888117af74214bc9c3be94f4bd405&view=cluster_details&protein=52&show=true","https://gnps.ucsd.edu/ProteoSAFe/result.jsp?view=network_displayer&componentindex=-1&task=f31888117af74214bc9c3be94f4bd405&show=true",,,,,,,,,"52","2","438.297",,"438.297","0.0","512.8405","false","52",,,,"18379.4",,"GD_032_posnegn2_RPN_RRHD_B1.mzML"
,"0","138","-1",,,,"G1","6.0","0.0","0.0","0.0","0.0","0.0",,"https://gnps.ucsd.edu//ProteoSAFe/result.jsp?task=f31888117af74214bc9c3be94f4bd405&view=cluster_details&protein=138&show=true","https://gnps.ucsd.edu/ProteoSAFe/result.jsp?view=network_displayer&componentindex=-1&task=f31888117af74214bc9c3be94f4bd405&show=true",,,,,,,,,"138","6","470.331",,"470.331","0.0","595.969","false","138",,,,"92696.7",,"GD_028_posnegp2_RPP_RRHD_B1.mzML"
,"0","249","-1",,,,"G2","0.0","7.0","0.0","0.0","0.0","0.0",,"https://gnps.ucsd.edu//ProteoSAFe/result.jsp?task=f31888117af74214bc9c3be94f4bd405&view=cluster_details&protein=249&show=true","https://gnps.ucsd.edu/ProteoSAFe/result.jsp?view=network_displayer&componentindex=-1&task=f31888117af74214bc9c3be94f4bd405&show=true",,,,,,,,,"249","7","554.301",,"554.301","0.0","474.7102857142857","false","249",,,,"145243.0",,"GD_032_posnegn2_RPN_RRHD_B1.mzML"
,"0","95","1",,,,"G1","6.0","0.0","0.0","0.0","0.0","0.0",,"https://gnps.ucsd.edu//ProteoSAFe/result.jsp?task=f31888117af74214bc9c3be94f4bd405&view=cluster_details&protein=95&show=true","https://gnps.ucsd.edu/ProteoSAFe/result.jsp?view=network_displayer&componentindex=1&task=f31888117af74214bc9c3be94f4bd405&show=true",,,,,,,,,"95","6","452.493",,"452.493","0.0","462.2488333333333","false","95",,,,"83323.0",,"GD_028_posnegp2_RPP_RRHD_B1.mzML"
,"0","30","-1",,,,"G2","0.0","7.0","0.0","0.0","0.0","0.0",,"https://gnps.ucsd.edu//ProteoSAFe/result.jsp?task=f31888117af74214bc9c3be94f4bd405&view=cluster_details&protein=30&show=true","https://gnps.ucsd.edu/ProteoSAFe/result.jsp?view=network_displayer&componentindex=-1&task=f31888117af74214bc9c3be94f4bd405&show=true",,,,,,,,,"30","7","378.607",,"378.607","0.0","464.36614285714285","false","30",,,,"107289.0",,"GD_032_posnegn2_RPN_RRHD_B1.mzML"
,"0","12","-1",,,,"G2","0.0","8.0","0.0","0.0","0.0","0.0",,"https://gnps.ucsd.edu//ProteoSAFe/result.jsp?task=f31888117af74214bc9c3be94f4bd405&view=cluster_details&protein=12&show=true","https://gnps.ucsd.edu/ProteoSAFe/result.jsp?view=network_displayer&componentindex=-1&task=f31888117af74214bc9c3be94f4bd405&show=true",,,,,,,,,"12","8","345.155",,"345.155","0.0","260.347625","false","12",,,,"96309.3",,"GD_032_posnegn2_RPN_RRHD_B1.mzML"
"M+H","0","593","-1","Spectral Match to 1-Octadecanoyl-2-(5Z,8Z,11Z,14Z-eicosatetraenoyl)-sn-glycero-3-phospho-(1'-myo-inositol) from NIST14","Isolated","Data deposited by alchemistmatt","G1","5.0","0.0","0.0","0.0","0.0","0.0","http://gnps.ucsd.edu/ProteoSAFe/gnpslibraryspectrum.jsp?SpectrumID=CCMSLIB00003139570","https://gnps.ucsd.edu//ProteoSAFe/result.jsp?task=f31888117af74214bc9c3be94f4bd405&view=cluster_details&protein=593&show=true","https://gnps.ucsd.edu/ProteoSAFe/result.jsp?view=network_displayer&componentindex=-1&task=f31888117af74214bc9c3be94f4bd405&show=true","nan","IT/ion trap","ESI","Positive","3","0.00201416","0.818619","2.26932","593","5","887.564","Data from Katrina Waters;Yoshihiro Kawaoka;Richard Smith;Thomas Metz;Ralph Baric","887.564","0.0","732.7124","false","593","14","nan","CCMSLIB00003139570","63893.5","nan","GD_027_posnegp1_RPP_RRHD_B1.mzML"
"M-H","0","592","8","Massbank:LQB00694 PI 38:4","Isolated","Massbank","G2","0.0","5.0","0.0","0.0","0.0","0.0","http://gnps.ucsd.edu/ProteoSAFe/gnpslibraryspectrum.jsp?SpectrumID=CCMSLIB00005737180","https://gnps.ucsd.edu//ProteoSAFe/result.jsp?task=f31888117af74214bc9c3be94f4bd405&view=cluster_details&protein=592&show=true","https://gnps.ucsd.edu/ProteoSAFe/result.jsp?view=network_displayer&componentindex=8&task=f31888117af74214bc9c3be94f4bd405&show=true","1S/C47H83O13P/c1-3-5-7-9-11-13-15-17-19-20-22-24-26-28-30-32-34-36-41(49)59-39(38-58-61(55,56)60-47-45(53)43(51)42(50)44(52)46(47)54)37-57-40(48)35-33-31-29-27-25-23-21-18-16-14-12-10-8-6-4-2/h5,7,11,13,17,19,22,24,39,42-47,50-54H,3-4,6,8-10,12,14-16,18,20-21,23,25-38H2,1-2H3,(H,55,56)/b7-5-,13-11-,19-17-,24-22-","qTof","ESI","Negative","3","0.00201416","0.853617","2.27447","592","5","885.549","Massbank","885.549","0.0","732.7588","false","592","15","CCCCCCCCCCCCCCCCCC(=O)OCC(COP(O)(=O)OC1C(O)C(O)C(O)C(O)C1O)OC(=O)CCCCCC\\C=C/C\\C=C/C\\C=C/C\\C=C/CC","CCMSLIB00005737180","892986.0","nan","GD_031_posnegn1_RPN_RRHD_B1.mzML"
"M+H","0","4","-1","Spectral Match to 9,10-Dihydroxy-12Z-octadecenoic acid from NIST14","Isolated","Data deposited by pmallard","G1","5.0","0.0","0.0","0.0","0.0","0.0","http://gnps.ucsd.edu/ProteoSAFe/gnpslibraryspectrum.jsp?SpectrumID=CCMSLIB00003135516","https://gnps.ucsd.edu//ProteoSAFe/result.jsp?task=f31888117af74214bc9c3be94f4bd405&view=cluster_details&protein=4&show=true","https://gnps.ucsd.edu/ProteoSAFe/result.jsp?view=network_displayer&componentindex=-1&task=f31888117af74214bc9c3be94f4bd405&show=true","InChI=1S/C18H34O4/c1-2-3-4-5-7-10-13-16(19)17(20)14-11-8-6-9-12-15-18(21)22/h7,10,16-17,19-20H,2-6,8-9,11-15H2,1H3,(H,21,22)/b10-7-","qTof","ESI","Positive","3","0.0","0.756657","0.0","4","5","315.253","Data from Wolfender/Litaudon","315.253","0.0","616.4091999999999","false","4","7","CCCCC/C=C\\CC(C(CCCCCCCC(=O)O)O)O","CCMSLIB00003135516","51227.0","nan","GD_027_posnegp1_RPP_RRHD_B1.mzML"
"M-H","0","433","-1","PE(P-18:0/18:2); [M-H]- C41H77N1O7P1","Commercial","Thomas Metz","G2","0.0","2.0","0.0","0.0","0.0","0.0","http://gnps.ucsd.edu/ProteoSAFe/gnpslibraryspectrum.jsp?SpectrumID=CCMSLIB00003110589","https://gnps.ucsd.edu//ProteoSAFe/result.jsp?task=f31888117af74214bc9c3be94f4bd405&view=cluster_details&protein=433&show=true","https://gnps.ucsd.edu/ProteoSAFe/result.jsp?view=network_displayer&componentindex=-1&task=f31888117af74214bc9c3be94f4bd405&show=true","nan","CID; Velos","LC-ESI","Negative","1","1.0089700000000001","0.814992","1386.8","433","2","726.543","Thomas Metz","726.543","0.0","738.0295","false","433","7","nan","CCMSLIB00003110589","41641.6","nan","GD_032_posnegn2_RPN_RRHD_B1.mzML"
,"0","225","-1",,,,"G2","0.0","2.0","0.0","0.0","0.0","0.0",,"https://gnps.ucsd.edu//ProteoSAFe/result.jsp?task=f31888117af74214bc9c3be94f4bd405&view=cluster_details&protein=225&show=true","https://gnps.ucsd.edu/ProteoSAFe/result.jsp?view=network_displayer&componentindex=-1&task=f31888117af74214bc9c3be94f4bd405&show=true",,,,,,,,,"225","2","525.281",,"525.281","0.0","482.24649999999997","false","225",,,,"16125.7",,"GD_032_posnegn2_RPN_RRHD_B1.mzML"
,"0","1","-1",,,,"G2","0.0","2.0","0.0","0.0","0.0","0.0",,"https://gnps.ucsd.edu//ProteoSAFe/result.jsp?task=f31888117af74214bc9c3be94f4bd405&view=cluster_details&protein=1&show=true","https://gnps.ucsd.edu/ProteoSAFe/result.jsp?view=network_displayer&componentindex=-1&task=f31888117af74214bc9c3be94f4bd405&show=true",,,,,,,,,"1","2","313.237",,"313.237","0.0","611.3209999999999","false","1",,,,"23777.2",,"GD_031_posnegn1_RPN_RRHD_B1.mzML"
,"0","5","6",,,,"G2","0.0","11.0","0.0","0.0","0.0","0.0",,"https://gnps.ucsd.edu//ProteoSAFe/result.jsp?task=f31888117af74214bc9c3be94f4bd405&view=cluster_details&protein=5&show=true","https://gnps.ucsd.edu/ProteoSAFe/result.jsp?view=network_displayer&componentindex=6&task=f31888117af74214bc9c3be94f4bd405&show=true",,,,,,,,,"5","11","321.57",,"321.57","0.0","518.3295454545455","false","5",,,,"270450.0",,"GD_032_posnegn2_RPN_RRHD_B1.mzML|GD_031_posnegn1_RPN_RRHD_B1.mzML"
"M+H","0","483","7","Spectral Match to 1-(1Z-Octadecenyl)-2-(5Z,8Z,11Z,14Z-eicosatetraenoyl)-sn-glycero-3-phosphoethanolamine from NIST14","Isolated","Data deposited by alchemistmatt","G1","8.0","0.0","0.0","0.0","0.0","0.0","http://gnps.ucsd.edu/ProteoSAFe/gnpslibraryspectrum.jsp?SpectrumID=CCMSLIB00003135595","https://gnps.ucsd.edu//ProteoSAFe/result.jsp?task=f31888117af74214bc9c3be94f4bd405&view=cluster_details&protein=483&show=true","https://gnps.ucsd.edu/ProteoSAFe/result.jsp?view=network_displayer&componentindex=7&task=f31888117af74214bc9c3be94f4bd405&show=true","InChI=1S/C43H78NO7P/c1-3-5-7-9-11-13-15-17-19-21-22-24-26-28-30-32-34-36-43(45)51-42(41-50-52(46,47)49-39-37-44)40-48-38-35-33-31-29-27-25-23-20-18-16-14-12-10-8-6-4-2/h11,13,17,19,22,24,28,30,35,38,42H,3-10,12,14-16,18,20-21,23,25-27,29,31-34,36-37,39-41,44H2,1-2H3,(H,46,47)/b13-11-,19-17-,24-22-,30-28-,38-35-/t42-/m1/s1","qTof","ESI","Positive","3","1.81","0.750067","2405.14","483","8","750.745","Data from Katrina Waters;Yoshihiro Kawaoka;Richard Smith;Thomas Metz;Ralph Baric","750.745","0.0","721.418","false","483","19","CCCCCCCCCCCCCCCC/C=C\\OC[C@H](COP(=O)(O)OCCN)OC(=O)CCC/C=C\\C/C=C\\C/C=C\\C/C=C\\CCCCC","CCMSLIB00003135595","82410.0","nan","GD_027_posnegp1_RPP_RRHD_B1.mzML|GD_028_posnegp2_RPP_RRHD_B1.mzML"
,"0","436","-1",,,,"G1","4.0","0.0","0.0","0.0","0.0","0.0",,"https://gnps.ucsd.edu//ProteoSAFe/result.jsp?task=f31888117af74214bc9c3be94f4bd405&view=cluster_details&protein=436&show=true","https://gnps.ucsd.edu/ProteoSAFe/result.jsp?view=network_displayer&componentindex=-1&task=f31888117af74214bc9c3be94f4bd405&show=true",,,,,,,,,"436","4","727.546",,"727.546","0.0","723.073","false","436",,,,"14574.1",,"GD_027_posnegp1_RPP_RRHD_B1.mzML"
,"0","572","-1",,,,"G2","0.0","4.0","0.0","0.0","0.0","0.0",,"https://gnps.ucsd.edu//ProteoSAFe/result.jsp?task=f31888117af74214bc9c3be94f4bd405&view=cluster_details&protein=572&show=true","https://gnps.ucsd.edu/ProteoSAFe/result.jsp?view=network_displayer&componentindex=-1&task=f31888117af74214bc9c3be94f4bd405&show=true",,,,,,,,,"572","4","846.631",,"846.631","0.0","746.4192499999999","false","572",,,,"29037.6",,"GD_032_posnegn2_RPN_RRHD_B1.mzML"
,"0","144","-1",,,,"G1","4.0","0.0","0.0","0.0","0.0","0.0",,"https://gnps.ucsd.edu//ProteoSAFe/result.jsp?task=f31888117af74214bc9c3be94f4bd405&view=cluster_details&protein=144&show=true","https://gnps.ucsd.edu/ProteoSAFe/result.jsp?view=network_displayer&componentindex=-1&task=f31888117af74214bc9c3be94f4bd405&show=true",,,,,,,,,"144","4","472.275",,"472.275","0.0","433.40725","false","144",,,,"24665.4",,"GD_027_posnegp1_RPP_RRHD_B1.mzML"
,"0","366","-1",,,,"G2","0.0","3.0","0.0","0.0","0.0","0.0",,"https://gnps.ucsd.edu//ProteoSAFe/result.jsp?task=f31888117af74214bc9c3be94f4bd405&view=cluster_details&protein=366&show=true","https://gnps.ucsd.edu/ProteoSAFe/result.jsp?view=network_displayer&componentindex=-1&task=f31888117af74214bc9c3be94f4bd405&show=true",,,,,,,,,"366","3","617.475",,"617.475","0.0","634.333","false","366",,,,"77430.0",,"GD_031_posnegn1_RPN_RRHD_B1.mzML"
,"0","367","-1",,,,"G2","0.0","5.0","0.0","0.0","0.0","0.0",,"https://gnps.ucsd.edu//ProteoSAFe/result.jsp?task=f31888117af74214bc9c3be94f4bd405&view=cluster_details&protein=367&show=true","https://gnps.ucsd.edu/ProteoSAFe/result.jsp?view=network_displayer&componentindex=-1&task=f31888117af74214bc9c3be94f4bd405&show=true",,,,,,,,,"367","5","617.475",,"617.475","0.0","638.5378","false","367",,,,"119758.0",,"GD_031_posnegn1_RPN_RRHD_B1.mzML"
,"0","62","-1",,,,"G2","0.0","5.0","0.0","0.0","0.0","0.0",,"https://gnps.ucsd.edu//ProteoSAFe/result.jsp?task=f31888117af74214bc9c3be94f4bd405&view=cluster_details&protein=62&show=true","https://gnps.ucsd.edu/ProteoSAFe/result.jsp?view=network_displayer&componentindex=-1&task=f31888117af74214bc9c3be94f4bd405&show=true",,,,,,,,,"62","5","445.294",,"445.294","0.0","381.7478","false","62",,,,"50818.2",,"GD_031_posnegn1_RPN_RRHD_B1.mzML"
,"0","524","-1",,,,"G2","0.0","3.0","0.0","0.0","0.0","0.0",,"https://gnps.ucsd.edu//ProteoSAFe/result.jsp?task=f31888117af74214bc9c3be94f4bd405&view=cluster_details&protein=524&show=true","https://gnps.ucsd.edu/ProteoSAFe/result.jsp?view=network_displayer&componentindex=-1&task=f31888117af74214bc9c3be94f4bd405&show=true",,,,,,,,,"524","3","775.677",,"775.677","0.0","315.679","false","524",,,,"26388.9",,"GD_031_posnegn1_RPN_RRHD_B1.mzML"
"M+H","0","464","-1","PE(16:0/20:4); [M+H]+ C41H75N1O8P1","Commercial","Thomas Metz","G1","3.0","0.0","0.0","0.0","0.0","0.0","http://gnps.ucsd.edu/ProteoSAFe/gnpslibraryspectrum.jsp?SpectrumID=CCMSLIB00003120300","https://gnps.ucsd.edu//ProteoSAFe/result.jsp?task=f31888117af74214bc9c3be94f4bd405&view=cluster_details&protein=464&show=true","https://gnps.ucsd.edu/ProteoSAFe/result.jsp?view=network_displayer&componentindex=-1&task=f31888117af74214bc9c3be94f4bd405&show=true","nan","CID; Velos","LC-ESI","Positive","1","1.0089700000000001","0.875497","1364.37","464","3","740.524","Thomas Metz","740.524","0.0","704.0336666666667","false","464","10","nan","CCMSLIB00003120300","22974.8","nan","GD_028_posnegp2_RPP_RRHD_B1.mzML"
,"0","231","-1",,,,"G2","0.0","2.0","0.0","0.0","0.0","0.0",,"https://gnps.ucsd.edu//ProteoSAFe/result.jsp?task=f31888117af74214bc9c3be94f4bd405&view=cluster_details&protein=231&show=true","https://gnps.ucsd.edu/ProteoSAFe/result.jsp?view=network_displayer&componentindex=-1&task=f31888117af74214bc9c3be94f4bd405&show=true",,,,,,,,,"231","2","529.205",,"529.205","0.0","410.8575","false","231",,,,"27088.2",,"GD_031_posnegn1_RPN_RRHD_B1.mzML"
"M+NH4","0","362","10","DG(18:1/18:2/0:0); [M+NH4]+ C39H74N1O5","Commercial","Thomas Metz","G1","24.0","0.0","0.0","0.0","0.0","0.0","http://gnps.ucsd.edu/ProteoSAFe/gnpslibraryspectrum.jsp?SpectrumID=CCMSLIB00003091605","https://gnps.ucsd.edu//ProteoSAFe/result.jsp?task=f31888117af74214bc9c3be94f4bd405&view=cluster_details&protein=362&show=true","https://gnps.ucsd.edu/ProteoSAFe/result.jsp?view=network_displayer&componentindex=10&task=f31888117af74214bc9c3be94f4bd405&show=true","nan","CID; Velos","LC-ESI","Positive","1","0.587036","0.8426819999999999","949.095","362","24","619.109","Thomas Metz","619.109","0.0","624.8929166666667","false","362","7","nan","CCMSLIB00003091605","5054220.0","nan","GD_027_posnegp1_RPP_RRHD_B1.mzML"
,"0","278","-1",,,,"G1","2.0","0.0","0.0","0.0","0.0","0.0",,"https://gnps.ucsd.edu//ProteoSAFe/result.jsp?task=f31888117af74214bc9c3be94f4bd405&view=cluster_details&protein=278&show=true","https://gnps.ucsd.edu/ProteoSAFe/result.jsp?view=network_displayer&componentindex=-1&task=f31888117af74214bc9c3be94f4bd405&show=true",,,,,,,,,"278","2","562.416",,"562.416","0.0","576.9024999999999","false","278",,,,"93316.1",,"GD_028_posnegp2_RPP_RRHD_B1.mzML"
,"0","279","-1",,,,"G1","2.0","0.0","0.0","0.0","0.0","0.0",,"https://gnps.ucsd.edu//ProteoSAFe/result.jsp?task=f31888117af74214bc9c3be94f4bd405&view=cluster_details&protein=279&show=true","https://gnps.ucsd.edu/ProteoSAFe/result.jsp?view=network_displayer&componentindex=-1&task=f31888117af74214bc9c3be94f4bd405&show=true",,,,,,,,,"279","2","563.157",,"563.157","0.0","411.331","false","279",,,,"4422.85",,"GD_027_posnegp1_RPP_RRHD_B1.mzML"
,"0","9","-1",,,,"G1","14.0","0.0","0.0","0.0","0.0","0.0",,"https://gnps.ucsd.edu//ProteoSAFe/result.jsp?task=f31888117af74214bc9c3be94f4bd405&view=cluster_details&protein=9&show=true","https://gnps.ucsd.edu/ProteoSAFe/result.jsp?view=network_displayer&componentindex=-1&task=f31888117af74214bc9c3be94f4bd405&show=true",,,,,,,,,"9","14","323.324",,"323.324","0.0","517.1842857142857","false","9",,,,"265144.0",,"GD_027_posnegp1_RPP_RRHD_B1.mzML|GD_028_posnegp2_RPP_RRHD_B1.mzML"
,"0","155","1",,,,"G1","6.0","0.0","0.0","0.0","0.0","0.0",,"https://gnps.ucsd.edu//ProteoSAFe/result.jsp?task=f31888117af74214bc9c3be94f4bd405&view=cluster_details&protein=155&show=true","https://gnps.ucsd.edu/ProteoSAFe/result.jsp?view=network_displayer&componentindex=1&task=f31888117af74214bc9c3be94f4bd405&show=true",,,,,,,,,"155","6","476.277",,"476.277","0.0","457.4875","false","155",,,,"62828.8",,"GD_028_posnegp2_RPP_RRHD_B1.mzML"
"M-H","0","156","2","Massbank:PR309150 LPE 18:2","Isolated","Massbank","G2","0.0","42.0","0.0","0.0","0.0","0.0","http://gnps.ucsd.edu/ProteoSAFe/gnpslibraryspectrum.jsp?SpectrumID=CCMSLIB00005739505","https://gnps.ucsd.edu//ProteoSAFe/result.jsp?task=f31888117af74214bc9c3be94f4bd405&view=cluster_details&protein=156&show=true","https://gnps.ucsd.edu/ProteoSAFe/result.jsp?view=network_displayer&componentindex=2&task=f31888117af74214bc9c3be94f4bd405&show=true","1S/C23H44NO7P/c1-2-3-4-5-6-7-8-9-10-11-12-13-14-15-16-17-23(26)29-20-22(25)21-31-32(27,28)30-19-18-24/h6-7,9-10,22,25H,2-5,8,11-21,24H2,1H3,(H,27,28)","qTof","ESI","Negative","3","1.6820099999999998","0.7835880000000001","3531.58","156","42","477.958","Massbank","477.958","0.0","504.7774523809524","false","156","6","O=C(OCC(O)COP(=O)(O)OCCN)CCCCCCCC=CCC=CCCCCC","CCMSLIB00005739505","4486300.0","nan","GD_032_posnegn2_RPN_RRHD_B1.mzML|GD_031_posnegn1_RPN_RRHD_B1.mzML"
,"0","388","-1",,,,"G1","3.0","0.0","0.0","0.0","0.0","0.0",,"https://gnps.ucsd.edu//ProteoSAFe/result.jsp?task=f31888117af74214bc9c3be94f4bd405&view=cluster_details&protein=388&show=true","https://gnps.ucsd.edu/ProteoSAFe/result.jsp?view=network_displayer&componentindex=-1&task=f31888117af74214bc9c3be94f4bd405&show=true",,,,,,,,,"388","3","656.319",,"656.319","0.0","458.0783333333333","false","388",,,,"9057.22",,"GD_028_posnegp2_RPP_RRHD_B1.mzML"
,"0","29","-1",,,,"G1","6.0","0.0","0.0","0.0","0.0","0.0",,"https://gnps.ucsd.edu//ProteoSAFe/result.jsp?task=f31888117af74214bc9c3be94f4bd405&view=cluster_details&protein=29&show=true","https://gnps.ucsd.edu/ProteoSAFe/result.jsp?view=network_displayer&componentindex=-1&task=f31888117af74214bc9c3be94f4bd405&show=true",,,,,,,,,"29","6","354.127",,"354.127","0.0","248.14816666666667","false","29",,,,"1248770.0",,"GD_027_posnegp1_RPP_RRHD_B1.mzML"
,"0","371","-1",,,,"G2","0.0","2.0","0.0","0.0","0.0","0.0",,"https://gnps.ucsd.edu//ProteoSAFe/result.jsp?task=f31888117af74214bc9c3be94f4bd405&view=cluster_details&protein=371&show=true","https://gnps.ucsd.edu/ProteoSAFe/result.jsp?view=network_displayer&componentindex=-1&task=f31888117af74214bc9c3be94f4bd405&show=true",,,,,,,,,"371","2","637.645",,"637.645","0.0","549.9225","false","371",,,,"16123.9",,"GD_031_posnegn1_RPN_RRHD_B1.mzML"
,"0","564","-1",,,,"G2","0.0","2.0","0.0","0.0","0.0","0.0",,"https://gnps.ucsd.edu//ProteoSAFe/result.jsp?task=f31888117af74214bc9c3be94f4bd405&view=cluster_details&protein=564&show=true","https://gnps.ucsd.edu/ProteoSAFe/result.jsp?view=network_displayer&componentindex=-1&task=f31888117af74214bc9c3be94f4bd405&show=true",,,,,,,,,"564","2","822.631",,"822.631","0.0","756.1855","false","564",,,,"11534.4",,"GD_031_posnegn1_RPN_RRHD_B1.mzML"
,"0","123","3",,,,"G2","0.0","10.0","0.0","0.0","0.0","0.0",,"https://gnps.ucsd.edu//ProteoSAFe/result.jsp?task=f31888117af74214bc9c3be94f4bd405&view=cluster_details&protein=123&show=true","https://gnps.ucsd.edu/ProteoSAFe/result.jsp?view=network_displayer&componentindex=3&task=f31888117af74214bc9c3be94f4bd405&show=true",,,,,,,,,"123","10","467.415",,"467.415","0.0","598.186","false","123",,,,"618076.0",,"GD_032_posnegn2_RPN_RRHD_B1.mzML|GD_031_posnegn1_RPN_RRHD_B1.mzML"
,"0","332","-1",,,,"G1","3.0","0.0","0.0","0.0","0.0","0.0",,"https://gnps.ucsd.edu//ProteoSAFe/result.jsp?task=f31888117af74214bc9c3be94f4bd405&view=cluster_details&protein=332&show=true","https://gnps.ucsd.edu/ProteoSAFe/result.jsp?view=network_displayer&componentindex=-1&task=f31888117af74214bc9c3be94f4bd405&show=true",,,,,,,,,"332","3","588.28",,"588.28","0.0","552.5266666666666","false","332",,,,"23247.1",,"GD_027_posnegp1_RPP_RRHD_B1.mzML"
,"0","547","-1",,,,"G2","0.0","6.0","0.0","0.0","0.0","0.0",,"https://gnps.ucsd.edu//ProteoSAFe/result.jsp?task=f31888117af74214bc9c3be94f4bd405&view=cluster_details&protein=547&show=true","https://gnps.ucsd.edu/ProteoSAFe/result.jsp?view=network_displayer&componentindex=-1&task=f31888117af74214bc9c3be94f4bd405&show=true",,,,,,,,,"547","6","791.522",,"791.522","0.0","677.5133333333333","false","547",,,,"43401.6",,"GD_031_posnegn1_RPN_RRHD_B1.mzML"
,"0","646","-1",,,,"G1","2.0","0.0","0.0","0.0","0.0","0.0",,"https://gnps.ucsd.edu//ProteoSAFe/result.jsp?task=f31888117af74214bc9c3be94f4bd405&view=cluster_details&protein=646&show=true","https://gnps.ucsd.edu/ProteoSAFe/result.jsp?view=network_displayer&componentindex=-1&task=f31888117af74214bc9c3be94f4bd405&show=true",,,,,,,,,"646","2","974.628",,"974.628","0.0","481.7665","false","646",,,,"43397.7",,"GD_028_posnegp2_RPP_RRHD_B1.mzML"
,"0","613","-1",,,,"G2","0.0","3.0","0.0","0.0","0.0","0.0",,"https://gnps.ucsd.edu//ProteoSAFe/result.jsp?task=f31888117af74214bc9c3be94f4bd405&view=cluster_details&protein=613&show=true","https://gnps.ucsd.edu/ProteoSAFe/result.jsp?view=network_displayer&componentindex=-1&task=f31888117af74214bc9c3be94f4bd405&show=true",,,,,,,,,"613","3","946.575",,"946.575","0.0","728.1973333333333","false","613",,,,"14545.0",,"GD_032_posnegn2_RPN_RRHD_B1.mzML"
,"0","478","7",,,,"G1","10.0","0.0","0.0","0.0","0.0","0.0",,"https://gnps.ucsd.edu//ProteoSAFe/result.jsp?task=f31888117af74214bc9c3be94f4bd405&view=cluster_details&protein=478&show=true","https://gnps.ucsd.edu/ProteoSAFe/result.jsp?view=network_displayer&componentindex=7&task=f31888117af74214bc9c3be94f4bd405&show=true",,,,,,,,,"478","10","748.841",,"748.841","0.0","713.124","false","478",,,,"71750.9",,"GD_027_posnegp1_RPP_RRHD_B1.mzML|GD_028_posnegp2_RPP_RRHD_B1.mzML"
,"0","200","-1",,,,"G1","3.0","0.0","0.0","0.0","0.0","0.0",,"https://gnps.ucsd.edu//ProteoSAFe/result.jsp?task=f31888117af74214bc9c3be94f4bd405&view=cluster_details&protein=200&show=true","https://gnps.ucsd.edu/ProteoSAFe/result.jsp?view=network_displayer&componentindex=-1&task=f31888117af74214bc9c3be94f4bd405&show=true",,,,,,,,,"200","3","490.352",,"490.352","0.0","420.82633333333337","false","200",,,,"21219.5",,"GD_028_posnegp2_RPP_RRHD_B1.mzML"
"M+H","0","591","-1","PC(22:6/22:6); [M+H]+ C52H81N1O8P1","Commercial","Thomas Metz","G1","2.0","0.0","0.0","0.0","0.0","0.0","http://gnps.ucsd.edu/ProteoSAFe/gnpslibraryspectrum.jsp?SpectrumID=CCMSLIB00003129937","https://gnps.ucsd.edu//ProteoSAFe/result.jsp?task=f31888117af74214bc9c3be94f4bd405&view=cluster_details&protein=591&show=true","https://gnps.ucsd.edu/ProteoSAFe/result.jsp?view=network_displayer&componentindex=-1&task=f31888117af74214bc9c3be94f4bd405&show=true","nan","HCD; Velos","LC-ESI","Positive","1","0.8800049999999999","0.74749","1002.78","591","2","876.682","Thomas Metz","876.682","0.0","764.008","false","591","7","nan","CCMSLIB00003129937","16443.8","nan","GD_028_posnegp2_RPP_RRHD_B1.mzML"
,"0","243","-1",,,,"G2","0.0","3.0","0.0","0.0","0.0","0.0",,"https://gnps.ucsd.edu//ProteoSAFe/result.jsp?task=f31888117af74214bc9c3be94f4bd405&view=cluster_details&protein=243&show=true","https://gnps.ucsd.edu/ProteoSAFe/result.jsp?view=network_displayer&componentindex=-1&task=f31888117af74214bc9c3be94f4bd405&show=true",,,,,,,,,"243","3","543.345",,"543.345","0.0","566.4136666666666","false","243",,,,"57525.4",,"GD_031_posnegn1_RPN_RRHD_B1.mzML"
,"0","421","-1",,,,"G1","2.0","0.0","0.0","0.0","0.0","0.0",,"https://gnps.ucsd.edu//ProteoSAFe/result.jsp?task=f31888117af74214bc9c3be94f4bd405&view=cluster_details&protein=421&show=true","https://gnps.ucsd.edu/ProteoSAFe/result.jsp?view=network_displayer&componentindex=-1&task=f31888117af74214bc9c3be94f4bd405&show=true",,,,,,,,,"421","2","724.332",,"724.332","0.0","553.4155000000001","false","421",,,,"10993.8",,"GD_027_posnegp1_RPP_RRHD_B1.mzML"
"M+H","0","327","-1","Spectral Match to Biliverdin from NIST14","Isolated","Data deposited by negarg","G1","4.0","0.0","0.0","0.0","0.0","0.0","http://gnps.ucsd.edu/ProteoSAFe/gnpslibraryspectrum.jsp?SpectrumID=CCMSLIB00003139819","https://gnps.ucsd.edu//ProteoSAFe/result.jsp?task=f31888117af74214bc9c3be94f4bd405&view=cluster_details&protein=327&show=true","https://gnps.ucsd.edu/ProteoSAFe/result.jsp?view=network_displayer&componentindex=-1&task=f31888117af74214bc9c3be94f4bd405&show=true","InChI=1S/C33H34N4O6/c1-7-20-19(6)32(42)37-27(20)14-25-18(5)23(10-12-31(40)41)29(35-25)15-28-22(9-11-30(38)39)17(4)24(34-28)13-26-16(3)21(8-2)33(43)36-26/h7-8,13-15,34-35H,1-2,9-12H2,3-6H3,(H,37,42)(H,38,39)(H,40,41)/b24-13-,27-14-,28-15-","qTof","ESI","Positive","3","0.0","0.792991","0.0","327","4","583.255","Data from Pieter C Dorrestein","583.255","0.0","547.73575","false","327","8","CC\\1=C(/C(=C/C2=C(C(=C(N2)/C=C\\3/C(=C(C(=O)N3)C)C=C)C)CCC(=O)O)/N/C1=C\\C4=NC(=O)C(=C4C)C=C)CCC(=O)O","CCMSLIB00003139819","138996.0","nan","GD_027_posnegp1_RPP_RRHD_B1.mzML"
,"0","211","1",,,,"G1","9.0","0.0","0.0","0.0","0.0","0.0",,"https://gnps.ucsd.edu//ProteoSAFe/result.jsp?task=f31888117af74214bc9c3be94f4bd405&view=cluster_details&protein=211&show=true","https://gnps.ucsd.edu/ProteoSAFe/result.jsp?view=network_displayer&componentindex=1&task=f31888117af74214bc9c3be94f4bd405&show=true",,,,,,,,,"211","9","500.277",,"500.277","0.0","457.48644444444443","false","211",,,,"124965.0",,"GD_027_posnegp1_RPP_RRHD_B1.mzML"
"M+H","0","551","-1","Spectral Match to Docosahexaenoyl PAF C-16 from NIST14","Isolated","Data deposited by lamccall","G1","10.0","0.0","0.0","0.0","0.0","0.0","http://gnps.ucsd.edu/ProteoSAFe/gnpslibraryspectrum.jsp?SpectrumID=CCMSLIB00003135321","https://gnps.ucsd.edu//ProteoSAFe/result.jsp?task=f31888117af74214bc9c3be94f4bd405&view=cluster_details&protein=551&show=true","https://gnps.ucsd.edu/ProteoSAFe/result.jsp?view=network_displayer&componentindex=-1&task=f31888117af74214bc9c3be94f4bd405&show=true","InChI=1S/C36H68NO7P/c1-6-8-10-12-14-16-17-18-19-20-22-24-26-28-31-41-33-35(34-43-45(39,40)42-32-30-37(3,4)5)44-36(38)29-27-25-23-21-15-13-11-9-7-2/h7,9,13,15,23,25,35H,6,8,10-12,14,16-22,24,26-34H2,1-5H3/p+1/t35-/m1/s1","qTof","ESI","Positive","3","0.9549559999999999","0.705439","1204.86","551","10","793.545","Data from James McKerrow","793.545","0.0","679.1899","false","551","7","CCCCCCCCCCCCCCCCOC[C@H](COP(=O)(O)OCC[N+](C)(C)C)OC(=O)CCC=CCC=CCC=CC","CCMSLIB00003135321","168055.0","nan","GD_027_posnegp1_RPP_RRHD_B1.mzML"
,"0","484","-1",,,,"G2","0.0","10.0","0.0","0.0","0.0","0.0",,"https://gnps.ucsd.edu//ProteoSAFe/result.jsp?task=f31888117af74214bc9c3be94f4bd405&view=cluster_details&protein=484&show=true","https://gnps.ucsd.edu/ProteoSAFe/result.jsp?view=network_displayer&componentindex=-1&task=f31888117af74214bc9c3be94f4bd405&show=true",,,,,,,,,"484","10","751.434",,"751.434","0.0","606.2509","false","484",,,,"85117.2",,"GD_032_posnegn2_RPN_RRHD_B1.mzML"
,"0","122","-1",,,,"G1","7.0","0.0","0.0","0.0","0.0","0.0",,"https://gnps.ucsd.edu//ProteoSAFe/result.jsp?task=f31888117af74214bc9c3be94f4bd405&view=cluster_details&protein=122&show=true","https://gnps.ucsd.edu/ProteoSAFe/result.jsp?view=network_displayer&componentindex=-1&task=f31888117af74214bc9c3be94f4bd405&show=true",,,,,,,,,"122","7","464.195",,"464.195","0.0","260.127","false","122",,,,"156255.0",,"GD_028_posnegp2_RPP_RRHD_B1.mzML"
,"0","250","-1",,,,"G1","4.0","0.0","0.0","0.0","0.0","0.0",,"https://gnps.ucsd.edu//ProteoSAFe/result.jsp?task=f31888117af74214bc9c3be94f4bd405&view=cluster_details&protein=250&show=true","https://gnps.ucsd.edu/ProteoSAFe/result.jsp?view=network_displayer&componentindex=-1&task=f31888117af74214bc9c3be94f4bd405&show=true",,,,,,,,,"250","4","556.319",,"556.319","0.0","472.72475","false","250",,,,"33524.3",,"GD_028_posnegp2_RPP_RRHD_B1.mzML"
"M-H","0","575","8","Massbank:LQB00692 PI 36:2","Isolated","Massbank","G2","0.0","4.0","0.0","0.0","0.0","0.0","http://gnps.ucsd.edu/ProteoSAFe/gnpslibraryspectrum.jsp?SpectrumID=CCMSLIB00005737263","https://gnps.ucsd.edu//ProteoSAFe/result.jsp?task=f31888117af74214bc9c3be94f4bd405&view=cluster_details&protein=575&show=true","https://gnps.ucsd.edu/ProteoSAFe/result.jsp?view=network_displayer&componentindex=8&task=f31888117af74214bc9c3be94f4bd405&show=true","1S/C45H83O13P/c1-3-5-7-9-11-13-15-17-19-21-23-25-27-29-31-33-38(46)55-35-37(36-56-59(53,54)58-45-43(51)41(49)40(48)42(50)44(45)52)57-39(47)34-32-30-28-26-24-22-20-18-16-14-12-10-8-6-4-2/h12,14,18,20,37,40-45,48-52H,3-11,13,15-17,19,21-36H2,1-2H3,(H,53,54)/b14-12-,20-18-","qTof","ESI","Negative","3","0.0","0.8190189999999999","0.0","575","4","861.55","Massbank","861.55","0.0","731.061","false","575","16","CCCCCCCCCCCCCCCCCC(=O)OCC(COP(O)(=O)OC1C(O)C(O)C(O)C(O)C1O)OC(=O)CCCCCCC\\C=C/C\\C=C/CCCCC","CCMSLIB00005737263","317212.0","nan","GD_031_posnegn1_RPN_RRHD_B1.mzML"
,"0","124","3",,,,"G2","0.0","8.0","0.0","0.0","0.0","0.0",,"https://gnps.ucsd.edu//ProteoSAFe/result.jsp?task=f31888117af74214bc9c3be94f4bd405&view=cluster_details&protein=124&show=true","https://gnps.ucsd.edu/ProteoSAFe/result.jsp?view=network_displayer&componentindex=3&task=f31888117af74214bc9c3be94f4bd405&show=true",,,,,,,,,"124","8","468.312",,"468.312","0.0","596.164125","false","124",,,,"188070.0",,"GD_032_posnegn2_RPN_RRHD_B1.mzML"
,"0","649","-1",,,,"G1","3.0","0.0","0.0","0.0","0.0","0.0",,"https://gnps.ucsd.edu//ProteoSAFe/result.jsp?task=f31888117af74214bc9c3be94f4bd405&view=cluster_details&protein=649&show=true","https://gnps.ucsd.edu/ProteoSAFe/result.jsp?view=network_displayer&componentindex=-1&task=f31888117af74214bc9c3be94f4bd405&show=true",,,,,,,,,"649","3","975.678",,"975.678","0.0","756.3653333333333","false","649",,,,"10896.4",,"GD_028_posnegp2_RPP_RRHD_B1.mzML"
,"0","221","-1",,,,"G1","4.0","0.0","0.0","0.0","0.0","0.0",,"https://gnps.ucsd.edu//ProteoSAFe/result.jsp?task=f31888117af74214bc9c3be94f4bd405&view=cluster_details&protein=221&show=true","https://gnps.ucsd.edu/ProteoSAFe/result.jsp?view=network_displayer&componentindex=-1&task=f31888117af74214bc9c3be94f4bd405&show=true",,,,,,,,,"221","4","505.313",,"505.313","0.0","499.74125","false","221",,,,"29715.1",,"GD_028_posnegp2_RPP_RRHD_B1.mzML"
,"0","379","-1",,,,"G1","2.0","0.0","0.0","0.0","0.0","0.0",,"https://gnps.ucsd.edu//ProteoSAFe/result.jsp?task=f31888117af74214bc9c3be94f4bd405&view=cluster_details&protein=379&show=true","https://gnps.ucsd.edu/ProteoSAFe/result.jsp?view=network_displayer&componentindex=-1&task=f31888117af74214bc9c3be94f4bd405&show=true",,,,,,,,,"379","2","639.19",,"639.19","0.0","556.212","false","379",,,,"26521.3",,"GD_027_posnegp1_RPP_RRHD_B1.mzML"
,"0","228","-1",,,,"G1","12.0","0.0","0.0","0.0","0.0","0.0",,"https://gnps.ucsd.edu//ProteoSAFe/result.jsp?task=f31888117af74214bc9c3be94f4bd405&view=cluster_details&protein=228&show=true","https://gnps.ucsd.edu/ProteoSAFe/result.jsp?view=network_displayer&componentindex=-1&task=f31888117af74214bc9c3be94f4bd405&show=true",,,,,,,,,"228","12","527.782",,"527.782","0.0","488.26166666666666","false","228",,,,"264858.0",,"GD_028_posnegp2_RPP_RRHD_B1.mzML"
"M-H","0","215","2","PE(20:4/0:0); [M-H]- C25H43N1O7P1","Commercial","Thomas Metz","G2","0.0","13.0","0.0","0.0","0.0","0.0","http://gnps.ucsd.edu/ProteoSAFe/gnpslibraryspectrum.jsp?SpectrumID=CCMSLIB00003115264","https://gnps.ucsd.edu//ProteoSAFe/result.jsp?task=f31888117af74214bc9c3be94f4bd405&view=cluster_details&protein=215&show=true","https://gnps.ucsd.edu/ProteoSAFe/result.jsp?view=network_displayer&componentindex=2&task=f31888117af74214bc9c3be94f4bd405&show=true","nan","CID; Velos","LC-ESI","Negative","1","0.546021","0.735214","1089.24","215","13","500.74","Thomas Metz","500.74","0.0","486.5217692307692","false","215","8","nan","CCMSLIB00003115264","778849.0","nan","GD_032_posnegn2_RPN_RRHD_B1.mzML"
,"0","411","-1",,,,"G1","3.0","0.0","0.0","0.0","0.0","0.0",,"https://gnps.ucsd.edu//ProteoSAFe/result.jsp?task=f31888117af74214bc9c3be94f4bd405&view=cluster_details&protein=411&show=true","https://gnps.ucsd.edu/ProteoSAFe/result.jsp?view=network_displayer&componentindex=-1&task=f31888117af74214bc9c3be94f4bd405&show=true",,,,,,,,,"411","3","701.756",,"701.756","0.0","720.407","false","411",,,,"14186.5",,"GD_027_posnegp1_RPP_RRHD_B1.mzML|GD_028_posnegp2_RPP_RRHD_B1.mzML"
,"0","2","-1",,,,"G2","0.0","4.0","0.0","0.0","0.0","0.0",,"https://gnps.ucsd.edu//ProteoSAFe/result.jsp?task=f31888117af74214bc9c3be94f4bd405&view=cluster_details&protein=2&show=true","https://gnps.ucsd.edu/ProteoSAFe/result.jsp?view=network_displayer&componentindex=-1&task=f31888117af74214bc9c3be94f4bd405&show=true",,,,,,,,,"2","4","313.237",,"313.237","0.0","617.467","false","2",,,,"96543.9",,"GD_031_posnegn1_RPN_RRHD_B1.mzML"
"M-H","0","208","2","PE(20:5/0:0); [M-H]- C25H41N1O7P1","Commercial","Thomas Metz","G2","0.0","9.0","0.0","0.0","0.0","0.0","http://gnps.ucsd.edu/ProteoSAFe/gnpslibraryspectrum.jsp?SpectrumID=CCMSLIB00003108822","https://gnps.ucsd.edu//ProteoSAFe/result.jsp?task=f31888117af74214bc9c3be94f4bd405&view=cluster_details&protein=208&show=true","https://gnps.ucsd.edu/ProteoSAFe/result.jsp?view=network_displayer&componentindex=2&task=f31888117af74214bc9c3be94f4bd405&show=true","nan","CID; Velos","LC-ESI","Negative","1","1.008","0.761513","2018.94","208","9","498.262","Thomas Metz","498.262","0.0","457.6251111111111","false","208","10","nan","CCMSLIB00003108822","114650.0","nan","GD_031_posnegn1_RPN_RRHD_B1.mzML"
,"0","280","-1",,,,"G1","5.0","0.0","0.0","0.0","0.0","0.0",,"https://gnps.ucsd.edu//ProteoSAFe/result.jsp?task=f31888117af74214bc9c3be94f4bd405&view=cluster_details&protein=280&show=true","https://gnps.ucsd.edu/ProteoSAFe/result.jsp?view=network_displayer&componentindex=-1&task=f31888117af74214bc9c3be94f4bd405&show=true",,,,,,,,,"280","5","563.157",,"563.157","0.0","411.331","false","280",,,,"21372.9",,"GD_027_posnegp1_RPP_RRHD_B1.mzML"
,"0","28","-1",,,,"G1","4.0","0.0","0.0","0.0","0.0","0.0",,"https://gnps.ucsd.edu//ProteoSAFe/result.jsp?task=f31888117af74214bc9c3be94f4bd405&view=cluster_details&protein=28&show=true","https://gnps.ucsd.edu/ProteoSAFe/result.jsp?view=network_displayer&componentindex=-1&task=f31888117af74214bc9c3be94f4bd405&show=true",,,,,,,,,"28","4","354.127",,"354.127","0.0","250.77575","false","28",,,,"48068.9",,"GD_027_posnegp1_RPP_RRHD_B1.mzML"
"M-H","0","501","2","PE(16:0/22:6); [M-H]- C43H73N1O8P1","Commercial","Thomas Metz","G2","0.0","8.0","0.0","0.0","0.0","0.0","http://gnps.ucsd.edu/ProteoSAFe/gnpslibraryspectrum.jsp?SpectrumID=CCMSLIB00003112375","https://gnps.ucsd.edu//ProteoSAFe/result.jsp?task=f31888117af74214bc9c3be94f4bd405&view=cluster_details&protein=501&show=true","https://gnps.ucsd.edu/ProteoSAFe/result.jsp?view=network_displayer&componentindex=2&task=f31888117af74214bc9c3be94f4bd405&show=true","nan","HCD; Velos","LC-ESI","Negative","1","0.420044","0.8682989999999999","550.145","501","8","763.095","Thomas Metz","763.095","0.0","701.57025","false","501","11","nan","CCMSLIB00003112375","161228.0","nan","GD_032_posnegn2_RPN_RRHD_B1.mzML|GD_031_posnegn1_RPN_RRHD_B1.mzML"
,"0","107","-1",,,,"G2","0.0","2.0","0.0","0.0","0.0","0.0",,"https://gnps.ucsd.edu//ProteoSAFe/result.jsp?task=f31888117af74214bc9c3be94f4bd405&view=cluster_details&protein=107&show=true","https://gnps.ucsd.edu/ProteoSAFe/result.jsp?view=network_displayer&componentindex=-1&task=f31888117af74214bc9c3be94f4bd405&show=true",,,,,,,,,"107","2","453.281",,"453.281","0.0","493.63","false","107",,,,"28782.9",,"GD_032_posnegn2_RPN_RRHD_B1.mzML"
,"0","372","-1",,,,"G2","0.0","2.0","0.0","0.0","0.0","0.0",,"https://gnps.ucsd.edu//ProteoSAFe/result.jsp?task=f31888117af74214bc9c3be94f4bd405&view=cluster_details&protein=372&show=true","https://gnps.ucsd.edu/ProteoSAFe/result.jsp?view=network_displayer&componentindex=-1&task=f31888117af74214bc9c3be94f4bd405&show=true",,,,,,,,,"372","2","637.174",,"637.174","0.0","556.2370000000001","false","372",,,,"16652.6",,"GD_031_posnegn1_RPN_RRHD_B1.mzML"
"M+H","0","571","5","PC(O-20:0/20:4); [M+H]+ C48H91N1O7P1","Commercial","Thomas Metz","G1","12.0","0.0","0.0","0.0","0.0","0.0","http://gnps.ucsd.edu/ProteoSAFe/gnpslibraryspectrum.jsp?SpectrumID=CCMSLIB00003122678","https://gnps.ucsd.edu//ProteoSAFe/result.jsp?task=f31888117af74214bc9c3be94f4bd405&view=cluster_details&protein=571&show=true","https://gnps.ucsd.edu/ProteoSAFe/result.jsp?view=network_displayer&componentindex=5&task=f31888117af74214bc9c3be94f4bd405&show=true","nan","CID; Velos","LC-ESI","Positive","1","1.008","0.874151","1223.82","571","12","824.654","Thomas Metz","824.654","0.0","756.6654166666667","false","571","12","nan","CCMSLIB00003122678","168697.0","nan","GD_027_posnegp1_RPP_RRHD_B1.mzML"
"M+H","0","424","7","PE(P-16:0/20:4); [M+H]+ C41H75N1O7P1","Commercial","Thomas Metz","G1","7.0","0.0","0.0","0.0","0.0","0.0","http://gnps.ucsd.edu/ProteoSAFe/gnpslibraryspectrum.jsp?SpectrumID=CCMSLIB00003090803","https://gnps.ucsd.edu//ProteoSAFe/result.jsp?task=f31888117af74214bc9c3be94f4bd405&view=cluster_details&protein=424&show=true","https://gnps.ucsd.edu/ProteoSAFe/result.jsp?view=network_displayer&componentindex=7&task=f31888117af74214bc9c3be94f4bd405&show=true","nan","HCD; Velos","LC-ESI","Positive","1","1.29199","0.765262","1785.7","424","7","724.812","Thomas Metz","724.812","0.0","716.4892857142858","false","424","13","nan","CCMSLIB00003090803","101091.0","nan","GD_027_posnegp1_RPP_RRHD_B1.mzML|GD_028_posnegp2_RPP_RRHD_B1.mzML"
,"0","253","-1",,,,"G2","0.0","8.0","0.0","0.0","0.0","0.0",,"https://gnps.ucsd.edu//ProteoSAFe/result.jsp?task=f31888117af74214bc9c3be94f4bd405&view=cluster_details&protein=253&show=true","https://gnps.ucsd.edu/ProteoSAFe/result.jsp?view=network_displayer&componentindex=-1&task=f31888117af74214bc9c3be94f4bd405&show=true",,,,,,,,,"253","8","559.397",,"559.397","0.0","580.277375","false","253",,,,"170646.0",,"GD_032_posnegn2_RPN_RRHD_B1.mzML"
,"0","352","-1",,,,"G2","0.0","5.0","0.0","0.0","0.0","0.0",,"https://gnps.ucsd.edu//ProteoSAFe/result.jsp?task=f31888117af74214bc9c3be94f4bd405&view=cluster_details&protein=352&show=true","https://gnps.ucsd.edu/ProteoSAFe/result.jsp?view=network_displayer&componentindex=-1&task=f31888117af74214bc9c3be94f4bd405&show=true",,,,,,,,,"352","5","615.46",,"615.46","0.0","610.8954","false","352",,,,"114612.0",,"GD_031_posnegn1_RPN_RRHD_B1.mzML"
,"0","445","-1",,,,"G1","7.0","0.0","0.0","0.0","0.0","0.0",,"https://gnps.ucsd.edu//ProteoSAFe/result.jsp?task=f31888117af74214bc9c3be94f4bd405&view=cluster_details&protein=445&show=true","https://gnps.ucsd.edu/ProteoSAFe/result.jsp?view=network_displayer&componentindex=-1&task=f31888117af74214bc9c3be94f4bd405&show=true",,,,,,,,,"445","7","728.969",,"728.969","0.0","737.198","false","445",,,,"73424.2",,"GD_027_posnegp1_RPP_RRHD_B1.mzML|GD_028_posnegp2_RPP_RRHD_B1.mzML"
,"0","470","-1",,,,"G2","0.0","2.0","0.0","0.0","0.0","0.0",,"https://gnps.ucsd.edu//ProteoSAFe/result.jsp?task=f31888117af74214bc9c3be94f4bd405&view=cluster_details&protein=470&show=true","https://gnps.ucsd.edu/ProteoSAFe/result.jsp?view=network_displayer&componentindex=-1&task=f31888117af74214bc9c3be94f4bd405&show=true",,,,,,,,,"470","2","746.512",,"746.512","0.0","709.9555","false","470",,,,"18210.8",,"GD_031_posnegn1_RPN_RRHD_B1.mzML"
"M+H","0","33","9","Spectral Match to D-erythro-Sphingosine-1-phosphate from NIST14","Isolated","Data deposited by fevargas","G1","2.0","0.0","0.0","0.0","0.0","0.0","http://gnps.ucsd.edu/ProteoSAFe/gnpslibraryspectrum.jsp?SpectrumID=CCMSLIB00003137919","https://gnps.ucsd.edu//ProteoSAFe/result.jsp?task=f31888117af74214bc9c3be94f4bd405&view=cluster_details&protein=33&show=true","https://gnps.ucsd.edu/ProteoSAFe/result.jsp?view=network_displayer&componentindex=9&task=f31888117af74214bc9c3be94f4bd405&show=true","InChI=1S/C18H38NO5P/c1-2-3-4-5-6-7-8-9-10-11-12-13-14-15-18(20)17(19)16-24-25(21,22)23/h14-15,17-18,20H,2-13,16,19H2,1H3,(H2,21,22,23)/b15-14+/t17-,18+/m0/s1","qTof","ESI","Positive","3","1.004","0.81816","2640.32","33","2","381.26","Data from Kevin Bush","381.26","0.0","461.58349999999996","false","33","7","CCCCCCCCCCCCC/C=C/[C@H]([C@H](COP(=O)(O)O)N)O","CCMSLIB00003137919","34067.8","nan","GD_028_posnegp2_RPP_RRHD_B1.mzML"
"M+H","0","161","1","Spectral Match to 1-(9Z-Octadecenoyl)-sn-glycero-3-phosphoethanolamine from NIST14","Isolated","Data deposited by fevargas","G1","11.0","0.0","0.0","0.0","0.0","0.0","http://gnps.ucsd.edu/ProteoSAFe/gnpslibraryspectrum.jsp?SpectrumID=CCMSLIB00003137012","https://gnps.ucsd.edu//ProteoSAFe/result.jsp?task=f31888117af74214bc9c3be94f4bd405&view=cluster_details&protein=161&show=true","https://gnps.ucsd.edu/ProteoSAFe/result.jsp?view=network_displayer&componentindex=1&task=f31888117af74214bc9c3be94f4bd405&show=true","nan","HCD","ESI","Positive","3","1.82202","0.748632","3793.44","161","11","478.486","Data from Kevin Bush","478.486","0.0","480.05927272727274","false","161","10","nan","CCMSLIB00003137012","768581.0","nan","GD_027_posnegp1_RPP_RRHD_B1.mzML"
"M+H","0","467","-1","PC(P-16:0/18:3); [M+H]+ C42H79N1O7P1","Commercial","Thomas Metz","G1","3.0","0.0","0.0","0.0","0.0","0.0","http://gnps.ucsd.edu/ProteoSAFe/gnpslibraryspectrum.jsp?SpectrumID=CCMSLIB00003091439","https://gnps.ucsd.edu//ProteoSAFe/result.jsp?task=f31888117af74214bc9c3be94f4bd405&view=cluster_details&protein=467&show=true","https://gnps.ucsd.edu/ProteoSAFe/result.jsp?view=network_displayer&componentindex=-1&task=f31888117af74214bc9c3be94f4bd405&show=true","nan","CID; Velos","LC-ESI","Positive","1","1.9760099999999998","0.738382","2671.91","467","3","741.528","Thomas Metz","741.528","0.0","706.0646666666667","false","467","6","nan","CCMSLIB00003091439","24225.3","nan","GD_028_posnegp2_RPP_RRHD_B1.mzML"
,"0","628","-1",,,,"G2","0.0","2.0","0.0","0.0","0.0","0.0",,"https://gnps.ucsd.edu//ProteoSAFe/result.jsp?task=f31888117af74214bc9c3be94f4bd405&view=cluster_details&protein=628&show=true","https://gnps.ucsd.edu/ProteoSAFe/result.jsp?view=network_displayer&componentindex=-1&task=f31888117af74214bc9c3be94f4bd405&show=true",,,,,,,,,"628","2","972.612",,"972.612","0.0","481.2225","false","628",,,,"42828.0",,"GD_032_posnegn2_RPN_RRHD_B1.mzML"
,"0","111","1",,,,"G1","4.0","0.0","0.0","0.0","0.0","0.0",,"https://gnps.ucsd.edu//ProteoSAFe/result.jsp?task=f31888117af74214bc9c3be94f4bd405&view=cluster_details&protein=111&show=true","https://gnps.ucsd.edu/ProteoSAFe/result.jsp?view=network_displayer&componentindex=1&task=f31888117af74214bc9c3be94f4bd405&show=true",,,,,,,,,"111","4","454.5",,"454.5","0.0","495.1985","false","111",,,,"193616.0",,"GD_028_posnegp2_RPP_RRHD_B1.mzML"
"M+H","0","32","9","Spectral Match to D-erythro-Sphingosine-1-phosphate from NIST14","Isolated","Data deposited by daniel","G1","4.0","0.0","0.0","0.0","0.0","0.0","http://gnps.ucsd.edu/ProteoSAFe/gnpslibraryspectrum.jsp?SpectrumID=CCMSLIB00003139249","https://gnps.ucsd.edu//ProteoSAFe/result.jsp?task=f31888117af74214bc9c3be94f4bd405&view=cluster_details&protein=32&show=true","https://gnps.ucsd.edu/ProteoSAFe/result.jsp?view=network_displayer&componentindex=9&task=f31888117af74214bc9c3be94f4bd405&show=true","InChI=1S/C18H38NO5P/c1-2-3-4-5-6-7-8-9-10-11-12-13-14-15-18(20)17(19)16-24-25(21,22)23/h14-15,17-18,20H,2-13,16,19H2,1H3,(H2,21,22,23)/b15-14+/t17-,18+/m0/s1","qTof","ESI","Positive","3","0.0","0.8751120000000001","0.0","32","4","380.256","Data from Pieter Dorrestein","380.256","0.0","464.38","false","32","7","CCCCCCCCCCCCC/C=C/[C@H]([C@H](COP(=O)(O)O)N)O","CCMSLIB00003139249","137579.0","nan","GD_028_posnegp2_RPP_RRHD_B1.mzML"
"M+H","0","184","1","PE(18:0/0:0); [M+H]+ C23H49N1O7P1","Commercial","Thomas Metz","G1","11.0","0.0","0.0","0.0","0.0","0.0","http://gnps.ucsd.edu/ProteoSAFe/gnpslibraryspectrum.jsp?SpectrumID=CCMSLIB00003090522","https://gnps.ucsd.edu//ProteoSAFe/result.jsp?task=f31888117af74214bc9c3be94f4bd405&view=cluster_details&protein=184&show=true","https://gnps.ucsd.edu/ProteoSAFe/result.jsp?view=network_displayer&componentindex=1&task=f31888117af74214bc9c3be94f4bd405&show=true","nan","HCD; Velos","LC-ESI","Positive","1","1.00803","0.751428","2094.31","184","11","482.325","Thomas Metz","482.325","0.0","537.8843636363637","false","184","16","nan","CCMSLIB00003090522","572022.0","nan","GD_027_posnegp1_RPP_RRHD_B1.mzML"
,"0","339","-1",,,,"G1","6.0","0.0","0.0","0.0","0.0","0.0",,"https://gnps.ucsd.edu//ProteoSAFe/result.jsp?task=f31888117af74214bc9c3be94f4bd405&view=cluster_details&protein=339&show=true","https://gnps.ucsd.edu/ProteoSAFe/result.jsp?view=network_displayer&componentindex=-1&task=f31888117af74214bc9c3be94f4bd405&show=true",,,,,,,,,"339","6","593.333",,"593.333","0.0","346.86766666666665","false","339",,,,"88646.4",,"GD_028_posnegp2_RPP_RRHD_B1.mzML"
,"0","381","-1",,,,"G1","4.0","0.0","0.0","0.0","0.0","0.0",,"https://gnps.ucsd.edu//ProteoSAFe/result.jsp?task=f31888117af74214bc9c3be94f4bd405&view=cluster_details&protein=381&show=true","https://gnps.ucsd.edu/ProteoSAFe/result.jsp?view=network_displayer&componentindex=-1&task=f31888117af74214bc9c3be94f4bd405&show=true",,,,,,,,,"381","4","640.582",,"640.582","0.0","556.9604999999999","false","381",,,,"61630.1",,"GD_027_posnegp1_RPP_RRHD_B1.mzML"
,"0","312","-1",,,,"G2","0.0","2.0","0.0","0.0","0.0","0.0",,"https://gnps.ucsd.edu//ProteoSAFe/result.jsp?task=f31888117af74214bc9c3be94f4bd405&view=cluster_details&protein=312&show=true","https://gnps.ucsd.edu/ProteoSAFe/result.jsp?view=network_displayer&componentindex=-1&task=f31888117af74214bc9c3be94f4bd405&show=true",,,,,,,,,"312","2","580.442",,"580.442","0.0","694.5735","false","312",,,,"11474.2",,"GD_032_posnegn2_RPN_RRHD_B1.mzML"
,"0","651","-1",,,,"G1","2.0","0.0","0.0","0.0","0.0","0.0",,"https://gnps.ucsd.edu//ProteoSAFe/result.jsp?task=f31888117af74214bc9c3be94f4bd405&view=cluster_details&protein=651&show=true","https://gnps.ucsd.edu/ProteoSAFe/result.jsp?view=network_displayer&componentindex=-1&task=f31888117af74214bc9c3be94f4bd405&show=true",,,,,,,,,"651","2","975.678",,"975.678","0.0","758.255","false","651",,,,"11015.9",,"GD_028_posnegp2_RPP_RRHD_B1.mzML"
,"0","416","-1",,,,"G2","0.0","2.0","0.0","0.0","0.0","0.0",,"https://gnps.ucsd.edu//ProteoSAFe/result.jsp?task=f31888117af74214bc9c3be94f4bd405&view=cluster_details&protein=416&show=true","https://gnps.ucsd.edu/ProteoSAFe/result.jsp?view=network_displayer&componentindex=-1&task=f31888117af74214bc9c3be94f4bd405&show=true",,,,,,,,,"416","2","722.315",,"722.315","0.0","557.7345","false","416",,,,"15086.8",,"GD_031_posnegn1_RPN_RRHD_B1.mzML"
,"0","385","-1",,,,"G2","0.0","3.0","0.0","0.0","0.0","0.0",,"https://gnps.ucsd.edu//ProteoSAFe/result.jsp?task=f31888117af74214bc9c3be94f4bd405&view=cluster_details&protein=385&show=true","https://gnps.ucsd.edu/ProteoSAFe/result.jsp?view=network_displayer&componentindex=-1&task=f31888117af74214bc9c3be94f4bd405&show=true",,,,,,,,,"385","3","654.3",,"654.3","0.0","458.7986666666667","false","385",,,,"16008.2",,"GD_032_posnegn2_RPN_RRHD_B1.mzML"
,"0","108","-1",,,,"G2","0.0","2.0","0.0","0.0","0.0","0.0",,"https://gnps.ucsd.edu//ProteoSAFe/result.jsp?task=f31888117af74214bc9c3be94f4bd405&view=cluster_details&protein=108&show=true","https://gnps.ucsd.edu/ProteoSAFe/result.jsp?view=network_displayer&componentindex=-1&task=f31888117af74214bc9c3be94f4bd405&show=true",,,,,,,,,"108","2","454.284",,"454.284","0.0","492.10699999999997","false","108",,,,"19361.5",,"GD_032_posnegn2_RPN_RRHD_B1.mzML"
,"0","546","-1",,,,"G2","0.0","2.0","0.0","0.0","0.0","0.0",,"https://gnps.ucsd.edu//ProteoSAFe/result.jsp?task=f31888117af74214bc9c3be94f4bd405&view=cluster_details&protein=546&show=true","https://gnps.ucsd.edu/ProteoSAFe/result.jsp?view=network_displayer&componentindex=-1&task=f31888117af74214bc9c3be94f4bd405&show=true",,,,,,,,,"546","2","791.522",,"791.522","0.0","676.813","false","546",,,,"15803.1",,"GD_031_posnegn1_RPN_RRHD_B1.mzML"
,"0","14","-1",,,,"G1","3.0","0.0","0.0","0.0","0.0","0.0",,"https://gnps.ucsd.edu//ProteoSAFe/result.jsp?task=f31888117af74214bc9c3be94f4bd405&view=cluster_details&protein=14&show=true","https://gnps.ucsd.edu/ProteoSAFe/result.jsp?view=network_displayer&componentindex=-1&task=f31888117af74214bc9c3be94f4bd405&show=true",,,,,,,,,"14","3","347.17",,"347.17","0.0","258.07866666666666","false","14",,,,"19868.3",,"GD_028_posnegp2_RPP_RRHD_B1.mzML"
,"0","597","-1",,,,"G2","0.0","2.0","0.0","0.0","0.0","0.0",,"https://gnps.ucsd.edu//ProteoSAFe/result.jsp?task=f31888117af74214bc9c3be94f4bd405&view=cluster_details&protein=597&show=true","https://gnps.ucsd.edu/ProteoSAFe/result.jsp?view=network_displayer&componentindex=-1&task=f31888117af74214bc9c3be94f4bd405&show=true",,,,,,,,,"597","2","892.53",,"892.53","0.0","690.4255","false","597",,,,"9963.05",,"GD_032_posnegn2_RPN_RRHD_B1.mzML"
,"0","574","-1",,,,"G1","5.0","0.0","0.0","0.0","0.0","0.0",,"https://gnps.ucsd.edu//ProteoSAFe/result.jsp?task=f31888117af74214bc9c3be94f4bd405&view=cluster_details&protein=574&show=true","https://gnps.ucsd.edu/ProteoSAFe/result.jsp?view=network_displayer&componentindex=-1&task=f31888117af74214bc9c3be94f4bd405&show=true",,,,,,,,,"574","5","848.652",,"848.652","0.0","747.3385999999999","false","574",,,,"91990.1",,"GD_028_posnegp2_RPP_RRHD_B1.mzML"
,"0","113","-1",,,,"G1","2.0","0.0","0.0","0.0","0.0","0.0",,"https://gnps.ucsd.edu//ProteoSAFe/result.jsp?task=f31888117af74214bc9c3be94f4bd405&view=cluster_details&protein=113&show=true","https://gnps.ucsd.edu/ProteoSAFe/result.jsp?view=network_displayer&componentindex=-1&task=f31888117af74214bc9c3be94f4bd405&show=true",,,,,,,,,"113","2","456.299",,"456.299","0.0","492.40200000000004","false","113",,,,"7530.9",,"GD_028_posnegp2_RPP_RRHD_B1.mzML"
"M-H","0","393","-1","PE(P-16:0/18:2); [M-H]- C39H73N1O7P1","Commercial","Thomas Metz","G2","0.0","2.0","0.0","0.0","0.0","0.0","http://gnps.ucsd.edu/ProteoSAFe/gnpslibraryspectrum.jsp?SpectrumID=CCMSLIB00003096065","https://gnps.ucsd.edu//ProteoSAFe/result.jsp?task=f31888117af74214bc9c3be94f4bd405&view=cluster_details&protein=393&show=true","https://gnps.ucsd.edu/ProteoSAFe/result.jsp?view=network_displayer&componentindex=-1&task=f31888117af74214bc9c3be94f4bd405&show=true","nan","CID; Velos","LC-ESI","Negative","1","1.008","0.80787","1440.98","393","2","698.512","Thomas Metz","698.512","0.0","715.803","false","393","7","nan","CCMSLIB00003096065","36712.7","nan","GD_032_posnegn2_RPN_RRHD_B1.mzML"
"M-H","0","147","2","PE(18:3/0:0); [M-H]- C23H41N1O7P1","Commercial","Thomas Metz","G1,G2","1.0","3.0","0.0","0.0","0.0","0.0","http://gnps.ucsd.edu/ProteoSAFe/gnpslibraryspectrum.jsp?SpectrumID=CCMSLIB00003091709","https://gnps.ucsd.edu//ProteoSAFe/result.jsp?task=f31888117af74214bc9c3be94f4bd405&view=cluster_details&protein=147&show=true","https://gnps.ucsd.edu/ProteoSAFe/result.jsp?view=network_displayer&componentindex=2&task=f31888117af74214bc9c3be94f4bd405&show=true","nan","CID; Velos","LC-ESI","Negative","1","1.16998","0.835867","2461.72","147","4","474.1","Thomas Metz","474.1","0.0","450.59499999999997","false","147","6","nan","CCMSLIB00003091709","49634.2","nan","GD_027_posnegp1_RPP_RRHD_B1.mzML|GD_032_posnegn2_RPN_RRHD_B1.mzML"
,"0","115","-1",,,,"G2","0.0","2.0","0.0","0.0","0.0","0.0",,"https://gnps.ucsd.edu//ProteoSAFe/result.jsp?task=f31888117af74214bc9c3be94f4bd405&view=cluster_details&protein=115&show=true","https://gnps.ucsd.edu/ProteoSAFe/result.jsp?view=network_displayer&componentindex=-1&task=f31888117af74214bc9c3be94f4bd405&show=true",,,,,,,,,"115","2","462.177",,"462.177","0.0","253.35000000000002","false","115",,,,"20802.9",,"GD_032_posnegn2_RPN_RRHD_B1.mzML"
"M-H","0","49","-1","Massbank:UT002930 Phosphatidylethanolamine lyso alkenyl 16:0","Isolated","Massbank","G2","0.0","5.0","0.0","0.0","0.0","0.0","http://gnps.ucsd.edu/ProteoSAFe/gnpslibraryspectrum.jsp?SpectrumID=CCMSLIB00005751280","https://gnps.ucsd.edu//ProteoSAFe/result.jsp?task=f31888117af74214bc9c3be94f4bd405&view=cluster_details&protein=49&show=true","https://gnps.ucsd.edu/ProteoSAFe/result.jsp?view=network_displayer&componentindex=-1&task=f31888117af74214bc9c3be94f4bd405&show=true","1S/C21H44NO6P/c1-2-3-4-5-6-7-8-9-10-11-12-13-14-15-17-26-21(19-23)20-28-29(24,25)27-18-16-22/h15,17,21,23H,2-14,16,18-20,22H2,1H3,(H,24,25)/b17-15+","Hybrid FT","ESI","Negative","3","0.00299072","0.719958","6.85505","49","5","436.283","Massbank","436.283","0.0","517.6118","false","49","6","CCCCCCCCCCCCCCC=COC(CO)COP(O)(=O)OCCN","CCMSLIB00005751280","115878.0","nan","GD_032_posnegn2_RPN_RRHD_B1.mzML"
,"0","216","1",,,,"G1","13.0","0.0","0.0","0.0","0.0","0.0",,"https://gnps.ucsd.edu//ProteoSAFe/result.jsp?task=f31888117af74214bc9c3be94f4bd405&view=cluster_details&protein=216&show=true","https://gnps.ucsd.edu/ProteoSAFe/result.jsp?view=network_displayer&componentindex=1&task=f31888117af74214bc9c3be94f4bd405&show=true",,,,,,,,,"216","13","502.803",,"502.803","0.0","487.0466153846154","false","216",,,,"387660.0",,"GD_028_posnegp2_RPP_RRHD_B1.mzML"
,"0","24","-1",,,,"G2","0.0","2.0","0.0","0.0","0.0","0.0",,"https://gnps.ucsd.edu//ProteoSAFe/result.jsp?task=f31888117af74214bc9c3be94f4bd405&view=cluster_details&protein=24&show=true","https://gnps.ucsd.edu/ProteoSAFe/result.jsp?view=network_displayer&componentindex=-1&task=f31888117af74214bc9c3be94f4bd405&show=true",,,,,,,,,"24","2","352.112",,"352.112","0.0","248.1745","false","24",,,,"23899.6",,"GD_031_posnegn1_RPN_RRHD_B1.mzML"
,"0","25","-1",,,,"G2","0.0","5.0","0.0","0.0","0.0","0.0",,"https://gnps.ucsd.edu//ProteoSAFe/result.jsp?task=f31888117af74214bc9c3be94f4bd405&view=cluster_details&protein=25&show=true","https://gnps.ucsd.edu/ProteoSAFe/result.jsp?view=network_displayer&componentindex=-1&task=f31888117af74214bc9c3be94f4bd405&show=true",,,,,,,,,"25","5","352.112",,"352.112","0.0","251.8524","false","25",,,,"98367.6",,"GD_031_posnegn1_RPN_RRHD_B1.mzML"
,"0","63","-1",,,,"G2","0.0","4.0","0.0","0.0","0.0","0.0",,"https://gnps.ucsd.edu//ProteoSAFe/result.jsp?task=f31888117af74214bc9c3be94f4bd405&view=cluster_details&protein=63&show=true","https://gnps.ucsd.edu/ProteoSAFe/result.jsp?view=network_displayer&componentindex=-1&task=f31888117af74214bc9c3be94f4bd405&show=true",,,,,,,,,"63","4","445.294",,"445.294","0.0","386.17875000000004","false","63",,,,"38518.7",,"GD_031_posnegn1_RPN_RRHD_B1.mzML"
,"0","72","-1",,,,"G2","0.0","3.0","0.0","0.0","0.0","0.0",,"https://gnps.ucsd.edu//ProteoSAFe/result.jsp?task=f31888117af74214bc9c3be94f4bd405&view=cluster_details&protein=72&show=true","https://gnps.ucsd.edu/ProteoSAFe/result.jsp?view=network_displayer&componentindex=-1&task=f31888117af74214bc9c3be94f4bd405&show=true",,,,,,,,,"72","3","448.306",,"448.306","0.0","386.816","false","72",,,,"245562.0",,"GD_031_posnegn1_RPN_RRHD_B1.mzML"
,"0","55","-1",,,,"G1","6.0","0.0","0.0","0.0","0.0","0.0",,"https://gnps.ucsd.edu//ProteoSAFe/result.jsp?task=f31888117af74214bc9c3be94f4bd405&view=cluster_details&protein=55&show=true","https://gnps.ucsd.edu/ProteoSAFe/result.jsp?view=network_displayer&componentindex=-1&task=f31888117af74214bc9c3be94f4bd405&show=true",,,,,,,,,"55","6","438.298",,"438.298","0.0","515.1828333333333","false","55",,,,"113810.0",,"GD_028_posnegp2_RPP_RRHD_B1.mzML"
,"0","315","-1",,,,"G2","0.0","2.0","0.0","0.0","0.0","0.0",,"https://gnps.ucsd.edu//ProteoSAFe/result.jsp?task=f31888117af74214bc9c3be94f4bd405&view=cluster_details&protein=315&show=true","https://gnps.ucsd.edu/ProteoSAFe/result.jsp?view=network_displayer&componentindex=-1&task=f31888117af74214bc9c3be94f4bd405&show=true",,,,,,,,,"315","2","581.24",,"581.24","0.0","545.048","false","315",,,,"15906.3",,"GD_031_posnegn1_RPN_RRHD_B1.mzML"
,"0","511","-1",,,,"G1","7.0","0.0","0.0","0.0","0.0","0.0",,"https://gnps.ucsd.edu//ProteoSAFe/result.jsp?task=f31888117af74214bc9c3be94f4bd405&view=cluster_details&protein=511&show=true","https://gnps.ucsd.edu/ProteoSAFe/result.jsp?view=network_displayer&componentindex=-1&task=f31888117af74214bc9c3be94f4bd405&show=true",,,,,,,,,"511","7","765.037",,"765.037","0.0","702.5242857142857","false","511",,,,"319247.0",,"GD_027_posnegp1_RPP_RRHD_B1.mzML|GD_028_posnegp2_RPP_RRHD_B1.mzML"
,"0","240","-1",,,,"G2","0.0","3.0","0.0","0.0","0.0","0.0",,"https://gnps.ucsd.edu//ProteoSAFe/result.jsp?task=f31888117af74214bc9c3be94f4bd405&view=cluster_details&protein=240&show=true","https://gnps.ucsd.edu/ProteoSAFe/result.jsp?view=network_displayer&componentindex=-1&task=f31888117af74214bc9c3be94f4bd405&show=true",,,,,,,,,"240","3","543.345",,"543.345","0.0","564.6616666666666","false","240",,,,"53276.6",,"GD_031_posnegn1_RPN_RRHD_B1.mzML"
